id,eddbid,symbol,category,group,name,mount,guidance,ship,class,rating,entitlement
128049250,738,SideWinder_Armour_Grade1,standard,Bulkhead,Lightweight Alloy,,,Sidewinder,1,I,
128049251,739,SideWinder_Armour_Grade2,standard,Bulkhead,Reinforced Alloy,,,Sidewinder,1,I,
128049252,740,SideWinder_Armour_Grade3,standard,Bulkhead,Military Grade Composite,,,Sidewinder,1,I,
128049253,741,SideWinder_Armour_Mirrored,standard,Bulkhead,Mirrored Surface Composite,,,Sidewinder,1,I,
128049254,742,SideWinder_Armour_Reactive,standard,Bulkhead,Reactive Surface Composite,,,Sidewinder,1,I,
128049256,743,Eagle_Armour_Grade1,standard,Bulkhead,Lightweight Alloy,,,Eagle,1,I,
128049257,744,Eagle_Armour_Grade2,standard,Bulkhead,Reinforced Alloy,,,Eagle,1,I,
128049258,745,Eagle_Armour_Grade3,standard,Bulkhead,Military Grade Composite,,,Eagle,1,I,
128049259,746,Eagle_Armour_Mirrored,standard,Bulkhead,Mirrored Surface Composite,,,Eagle,1,I,
128049260,747,Eagle_Armour_Reactive,standard,Bulkhead,Reactive Surface Composite,,,Eagle,1,I,
128049262,748,Hauler_Armour_Grade1,standard,Bulkhead,Lightweight Alloy,,,Hauler,1,I,
128049263,749,Hauler_Armour_Grade2,standard,Bulkhead,Reinforced Alloy,,,Hauler,1,I,
128049264,750,Hauler_Armour_Grade3,standard,Bulkhead,Military Grade Composite,,,Hauler,1,I,
128049265,751,Hauler_Armour_Mirrored,standard,Bulkhead,Mirrored Surface Composite,,,Hauler,1,I,
128049266,752,Hauler_Armour_Reactive,standard,Bulkhead,Reactive Surface Composite,,,Hauler,1,I,
128049268,753,Adder_Armour_Grade1,standard,Bulkhead,Lightweight Alloy,,,Adder,1,I,
128049269,754,Adder_Armour_Grade2,standard,Bulkhead,Reinforced Alloy,,,Adder,1,I,
128049270,755,Adder_Armour_Grade3,standard,Bulkhead,Military Grade Composite,,,Adder,1,I,
128049271,756,Adder_Armour_Mirrored,standard,Bulkhead,Mirrored Surface Composite,,,Adder,1,I,
128049272,757,Adder_Armour_Reactive,standard,Bulkhead,Reactive Surface Composite,,,Adder,1,I,
128049274,758,Viper_Armour_Grade1,standard,Bulkhead,Lightweight Alloy,,,Viper MkIII,1,I,
128049275,759,Viper_Armour_Grade2,standard,Bulkhead,Reinforced Alloy,,,Viper MkIII,1,I,
128049276,760,Viper_Armour_Grade3,standard,Bulkhead,Military Grade Composite,,,Viper MkIII,1,I,
128049277,761,Viper_Armour_Mirrored,standard,Bulkhead,Mirrored Surface Composite,,,Viper MkIII,1,I,
128049278,762,Viper_Armour_Reactive,standard,Bulkhead,Reactive Surface Composite,,,Viper MkIII,1,I,
128049280,763,CobraMkIII_Armour_Grade1,standard,Bulkhead,Lightweight Alloy,,,Cobra MkIII,1,I,
128049281,764,CobraMkIII_Armour_Grade2,standard,Bulkhead,Reinforced Alloy,,,Cobra MkIII,1,I,
128049282,765,CobraMkIII_Armour_Grade3,standard,Bulkhead,Military Grade Composite,,,Cobra MkIII,1,I,
128049283,766,CobraMkIII_Armour_Mirrored,standard,Bulkhead,Mirrored Surface Composite,,,Cobra MkIII,1,I,
128049284,767,CobraMkIII_Armour_Reactive,standard,Bulkhead,Reactive Surface Composite,,,Cobra MkIII,1,I,
128049286,768,Type6_Armour_Grade1,standard,Bulkhead,Lightweight Alloy,,,Type-6 Transporter,1,I,
128049287,769,Type6_Armour_Grade2,standard,Bulkhead,Reinforced Alloy,,,Type-6 Transporter,1,I,
128049288,770,Type6_Armour_Grade3,standard,Bulkhead,Military Grade Composite,,,Type-6 Transporter,1,I,
128049289,771,Type6_Armour_Mirrored,standard,Bulkhead,Mirrored Surface Composite,,,Type-6 Transporter,1,I,
128049290,772,Type6_Armour_Reactive,standard,Bulkhead,Reactive Surface Composite,,,Type-6 Transporter,1,I,
128049298,773,Type7_Armour_Grade1,standard,Bulkhead,Lightweight Alloy,,,Type-7 Transporter,1,I,
128049299,774,Type7_Armour_Grade2,standard,Bulkhead,Reinforced Alloy,,,Type-7 Transporter,1,I,
128049300,775,Type7_Armour_Grade3,standard,Bulkhead,Military Grade Composite,,,Type-7 Transporter,1,I,
128049301,776,Type7_Armour_Mirrored,standard,Bulkhead,Mirrored Surface Composite,,,Type-7 Transporter,1,I,
128049302,777,Type7_Armour_Reactive,standard,Bulkhead,Reactive Surface Composite,,,Type-7 Transporter,1,I,
128049304,778,Asp_Armour_Grade1,standard,Bulkhead,Lightweight Alloy,,,Asp Explorer,1,I,
128049305,779,Asp_Armour_Grade2,standard,Bulkhead,Reinforced Alloy,,,Asp Explorer,1,I,
128049306,780,Asp_Armour_Grade3,standard,Bulkhead,Military Grade Composite,,,Asp Explorer,1,I,
128049307,781,Asp_Armour_Mirrored,standard,Bulkhead,Mirrored Surface Composite,,,Asp Explorer,1,I,
128049308,782,Asp_Armour_Reactive,standard,Bulkhead,Reactive Surface Composite,,,Asp Explorer,1,I,
128049310,783,Vulture_Armour_Grade1,standard,Bulkhead,Lightweight Alloy,,,Vulture,1,I,
128049311,784,Vulture_Armour_Grade2,standard,Bulkhead,Reinforced Alloy,,,Vulture,1,I,
128049312,785,Vulture_Armour_Grade3,standard,Bulkhead,Military Grade Composite,,,Vulture,1,I,
128049313,786,Vulture_Armour_Mirrored,standard,Bulkhead,Mirrored Surface Composite,,,Vulture,1,I,
128049314,787,Vulture_Armour_Reactive,standard,Bulkhead,Reactive Surface Composite,,,Vulture,1,I,
128049316,788,Empire_Trader_Armour_Grade1,standard,Bulkhead,Lightweight Alloy,,,Imperial Clipper,1,I,
128049317,789,Empire_Trader_Armour_Grade2,standard,Bulkhead,Reinforced Alloy,,,Imperial Clipper,1,I,
128049318,790,Empire_Trader_Armour_Grade3,standard,Bulkhead,Military Grade Composite,,,Imperial Clipper,1,I,
128049319,791,Empire_Trader_Armour_Mirrored,standard,Bulkhead,Mirrored Surface Composite,,,Imperial Clipper,1,I,
128049320,792,Empire_Trader_Armour_Reactive,standard,Bulkhead,Reactive Surface Composite,,,Imperial Clipper,1,I,
128049322,793,Federation_Dropship_Armour_Grade1,standard,Bulkhead,Lightweight Alloy,,,Federal Dropship,1,I,
128049323,794,Federation_Dropship_Armour_Grade2,standard,Bulkhead,Reinforced Alloy,,,Federal Dropship,1,I,
128049324,795,Federation_Dropship_Armour_Grade3,standard,Bulkhead,Military Grade Composite,,,Federal Dropship,1,I,
128049325,796,Federation_Dropship_Armour_Mirrored,standard,Bulkhead,Mirrored Surface Composite,,,Federal Dropship,1,I,
128049326,797,Federation_Dropship_Armour_Reactive,standard,Bulkhead,Reactive Surface Composite,,,Federal Dropship,1,I,
128049328,798,Orca_Armour_Grade1,standard,Bulkhead,Lightweight Alloy,,,Orca,1,I,
128049329,799,Orca_Armour_Grade2,standard,Bulkhead,Reinforced Alloy,,,Orca,1,I,
128049330,800,Orca_Armour_Grade3,standard,Bulkhead,Military Grade Composite,,,Orca,1,I,
128049331,801,Orca_Armour_Mirrored,standard,Bulkhead,Mirrored Surface Composite,,,Orca,1,I,
128049332,802,Orca_Armour_Reactive,standard,Bulkhead,Reactive Surface Composite,,,Orca,1,I,
128049334,803,Type9_Armour_Grade1,standard,Bulkhead,Lightweight Alloy,,,Type-9 Heavy,1,I,
128049335,804,Type9_Armour_Grade2,standard,Bulkhead,Reinforced Alloy,,,Type-9 Heavy,1,I,
128049336,805,Type9_Armour_Grade3,standard,Bulkhead,Military Grade Composite,,,Type-9 Heavy,1,I,
128049337,806,Type9_Armour_Mirrored,standard,Bulkhead,Mirrored Surface Composite,,,Type-9 Heavy,1,I,
128049338,807,Type9_Armour_Reactive,standard,Bulkhead,Reactive Surface Composite,,,Type-9 Heavy,1,I,
128049340,808,Python_Armour_Grade1,standard,Bulkhead,Lightweight Alloy,,,Python,1,I,
128049341,809,Python_Armour_Grade2,standard,Bulkhead,Reinforced Alloy,,,Python,1,I,
128049342,810,Python_Armour_Grade3,standard,Bulkhead,Military Grade Composite,,,Python,1,I,
128049343,811,Python_Armour_Mirrored,standard,Bulkhead,Mirrored Surface Composite,,,Python,1,I,
128049344,812,Python_Armour_Reactive,standard,Bulkhead,Reactive Surface Composite,,,Python,1,I,
128049352,813,FerDeLance_Armour_Grade1,standard,Bulkhead,Lightweight Alloy,,,Fer-de-Lance,1,I,
128049353,814,FerDeLance_Armour_Grade2,standard,Bulkhead,Reinforced Alloy,,,Fer-de-Lance,1,I,
128049354,815,FerDeLance_Armour_Grade3,standard,Bulkhead,Military Grade Composite,,,Fer-de-Lance,1,I,
128049355,816,FerDeLance_Armour_Mirrored,standard,Bulkhead,Mirrored Surface Composite,,,Fer-de-Lance,1,I,
128049356,817,FerDeLance_Armour_Reactive,standard,Bulkhead,Reactive Surface Composite,,,Fer-de-Lance,1,I,
128049364,818,Anaconda_Armour_Grade1,standard,Bulkhead,Lightweight Alloy,,,Anaconda,1,I,
128049365,819,Anaconda_Armour_Grade2,standard,Bulkhead,Reinforced Alloy,,,Anaconda,1,I,
128049366,820,Anaconda_Armour_Grade3,standard,Bulkhead,Military Grade Composite,,,Anaconda,1,I,
128049367,821,Anaconda_Armour_Mirrored,standard,Bulkhead,Mirrored Surface Composite,,,Anaconda,1,I,
128049368,822,Anaconda_Armour_Reactive,standard,Bulkhead,Reactive Surface Composite,,,Anaconda,1,I,
128049370,1498,Federation_Corvette_Armour_Grade1,standard,Bulkhead,Lightweight Alloy,,,Federal Corvette,1,I,
128049371,1499,Federation_Corvette_Armour_Grade2,standard,Bulkhead,Reinforced Alloy,,,Federal Corvette,1,I,
128049372,1500,Federation_Corvette_Armour_Grade3,standard,Bulkhead,Military Grade Composite,,,Federal Corvette,1,I,
128049373,1501,Federation_Corvette_Armour_Mirrored,standard,Bulkhead,Mirrored Surface Composite,,,Federal Corvette,1,I,
128049374,1502,Federation_Corvette_Armour_Reactive,standard,Bulkhead,Reactive Surface Composite,,,Federal Corvette,1,I,
128049376,1493,Cutter_Armour_Grade1,standard,Bulkhead,Lightweight Alloy,,,Imperial Cutter,1,I,
128049377,1494,Cutter_Armour_Grade2,standard,Bulkhead,Reinforced Alloy,,,Imperial Cutter,1,I,
128049378,1495,Cutter_Armour_Grade3,standard,Bulkhead,Military Grade Composite,,,Imperial Cutter,1,I,
128049379,1496,Cutter_Armour_Mirrored,standard,Bulkhead,Mirrored Surface Composite,,,Imperial Cutter,1,I,
128049380,1497,Cutter_Armour_Reactive,standard,Bulkhead,Reactive Surface Composite,,,Imperial Cutter,1,I,
128049381,823,Hpt_PulseLaser_Fixed_Small,hardpoint,Pulse Laser,Pulse Laser,Fixed,,,1,F,
128049382,824,Hpt_PulseLaser_Fixed_Medium,hardpoint,Pulse Laser,Pulse Laser,Fixed,,,2,E,
128049383,825,Hpt_PulseLaser_Fixed_Large,hardpoint,Pulse Laser,Pulse Laser,Fixed,,,3,D,
128049384,0,Hpt_PulseLaser_Fixed_Huge,hardpoint,Pulse Laser,Pulse Laser,Fixed,,,4,A,
128049385,826,Hpt_PulseLaser_Gimbal_Small,hardpoint,Pulse Laser,Pulse Laser,Gimballed,,,1,G,
128049386,827,Hpt_PulseLaser_Gimbal_Medium,hardpoint,Pulse Laser,Pulse Laser,Gimballed,,,2,F,
128049387,828,Hpt_PulseLaser_Gimbal_Large,hardpoint,Pulse Laser,Pulse Laser,Gimballed,,,3,E,
128049388,829,Hpt_PulseLaser_Turret_Small,hardpoint,Pulse Laser,Pulse Laser,Turreted,,,1,G,
128049389,830,Hpt_PulseLaser_Turret_Medium,hardpoint,Pulse Laser,Pulse Laser,Turreted,,,2,F,
128049390,831,Hpt_PulseLaser_Turret_Large,hardpoint,Pulse Laser,Pulse Laser,Turreted,,,3,F,
128049400,832,Hpt_PulseLaserBurst_Fixed_Small,hardpoint,Burst Laser,Burst Laser,Fixed,,,1,F,
128049401,833,Hpt_PulseLaserBurst_Fixed_Medium,hardpoint,Burst Laser,Burst Laser,Fixed,,,2,E,
128049402,834,Hpt_PulseLaserBurst_Fixed_Large,hardpoint,Burst Laser,Burst Laser,Fixed,,,3,D,
128049403,0,Hpt_PulseLaserBurst_Fixed_Huge,hardpoint,Burst Laser,Burst Laser,Fixed,,,4,E,
128049404,835,Hpt_PulseLaserBurst_Gimbal_Small,hardpoint,Burst Laser,Burst Laser,Gimballed,,,1,G,
128049405,836,Hpt_PulseLaserBurst_Gimbal_Medium,hardpoint,Burst Laser,Burst Laser,Gimballed,,,2,F,
128049406,837,Hpt_PulseLaserBurst_Gimbal_Large,hardpoint,Burst Laser,Burst Laser,Gimballed,,,3,E,
128049407,838,Hpt_PulseLaserBurst_Turret_Small,hardpoint,Burst Laser,Burst Laser,Turreted,,,1,G,
128049408,839,Hpt_PulseLaserBurst_Turret_Medium,hardpoint,Burst Laser,Burst Laser,Turreted,,,2,F,
128049409,840,Hpt_PulseLaserBurst_Turret_Large,hardpoint,Burst Laser,Burst Laser,Turreted,,,3,E,
128049428,841,Hpt_BeamLaser_Fixed_Small,hardpoint,Beam Laser,Beam Laser,Fixed,,,1,E,
128049429,842,Hpt_BeamLaser_Fixed_Medium,hardpoint,Beam Laser,Beam Laser,Fixed,,,2,D,
128049430,843,Hpt_BeamLaser_Fixed_Large,hardpoint,Beam Laser,Beam Laser,Fixed,,,3,C,
128049431,0,Hpt_BeamLaser_Fixed_Huge,hardpoint,Beam Laser,Beam Laser,Fixed,,,4,A,
128049432,844,Hpt_BeamLaser_Gimbal_Small,hardpoint,Beam Laser,Beam Laser,Gimballed,,,1,E,
128049433,845,Hpt_BeamLaser_Gimbal_Medium,hardpoint,Beam Laser,Beam Laser,Gimballed,,,2,D,
128049434,846,Hpt_BeamLaser_Gimbal_Large,hardpoint,Beam Laser,Beam Laser,Gimballed,,,3,C,
128049435,847,Hpt_BeamLaser_Turret_Small,hardpoint,Beam Laser,Beam Laser,Turreted,,,1,F,
128049436,848,Hpt_BeamLaser_Turret_Medium,hardpoint,Beam Laser,Beam Laser,Turreted,,,2,E,
128049437,849,Hpt_BeamLaser_Turret_Large,hardpoint,Beam Laser,Beam Laser,Turreted,,,3,D,
128049438,850,Hpt_Cannon_Fixed_Small,hardpoint,Cannon,Cannon,Fixed,,,1,D,
128049439,851,Hpt_Cannon_Fixed_Medium,hardpoint,Cannon,Cannon,Fixed,,,2,D,
128049440,852,Hpt_Cannon_Fixed_Large,hardpoint,Cannon,Cannon,Fixed,,,3,C,
128049441,853,Hpt_Cannon_Fixed_Huge,hardpoint,Cannon,Cannon,Fixed,,,4,B,
128049442,854,Hpt_Cannon_Gimbal_Small,hardpoint,Cannon,Cannon,Gimballed,,,1,E,
128049443,855,Hpt_Cannon_Gimbal_Medium,hardpoint,Cannon,Cannon,Gimballed,,,2,D,
128049444,856,Hpt_Cannon_Gimbal_Huge,hardpoint,Cannon,Cannon,Gimballed,,,4,B,
128049445,857,Hpt_Cannon_Turret_Small,hardpoint,Cannon,Cannon,Turreted,,,1,F,
128049446,858,Hpt_Cannon_Turret_Medium,hardpoint,Cannon,Cannon,Turreted,,,2,E,
128049447,859,Hpt_Cannon_Turret_Large,hardpoint,Cannon,Cannon,Turreted,,,3,D,
128049448,860,Hpt_Slugshot_Fixed_Small,hardpoint,Fragment Cannon,Fragment Cannon,Fixed,,,1,E,
128049449,861,Hpt_Slugshot_Fixed_Medium,hardpoint,Fragment Cannon,Fragment Cannon,Fixed,,,2,A,
128049450,862,Hpt_Slugshot_Fixed_Large,hardpoint,Fragment Cannon,Fragment Cannon,Fixed,,,3,C,
128049451,863,Hpt_Slugshot_Gimbal_Small,hardpoint,Fragment Cannon,Fragment Cannon,Gimballed,,,1,E,
128049452,864,Hpt_Slugshot_Gimbal_Medium,hardpoint,Fragment Cannon,Fragment Cannon,Gimballed,,,2,D,
128049453,865,Hpt_Slugshot_Turret_Small,hardpoint,Fragment Cannon,Fragment Cannon,Turreted,,,1,E,
128049454,866,Hpt_Slugshot_Turret_Medium,hardpoint,Fragment Cannon,Fragment Cannon,Turreted,,,2,D,
128049455,867,Hpt_MultiCannon_Fixed_Small,hardpoint,Multi-Cannon,Multi-Cannon,Fixed,,,1,F,
128049456,868,Hpt_MultiCannon_Fixed_Medium,hardpoint,Multi-Cannon,Multi-Cannon,Fixed,,,2,E,
128049457,0,Hpt_MultiCannon_Fixed_Large,hardpoint,Multi-Cannon,Multi-Cannon,Fixed,,,3,C,
128049458,0,Hpt_MultiCannon_Fixed_Huge,hardpoint,Multi-Cannon,Multi-Cannon,Fixed,,,4,A,
128049459,869,Hpt_MultiCannon_Gimbal_Small,hardpoint,Multi-Cannon,Multi-Cannon,Gimballed,,,1,G,
128049460,870,Hpt_MultiCannon_Gimbal_Medium,hardpoint,Multi-Cannon,Multi-Cannon,Gimballed,,,2,F,
128049461,0,Hpt_MultiCannon_Gimbal_Large,hardpoint,Multi-Cannon,Multi-Cannon,Gimballed,,,3,C,
128049462,871,Hpt_MultiCannon_Turret_Small,hardpoint,Multi-Cannon,Multi-Cannon,Turreted,,,1,G,
128049463,872,Hpt_MultiCannon_Turret_Medium,hardpoint,Multi-Cannon,Multi-Cannon,Turreted,,,2,F,
128049465,873,Hpt_PlasmaAccelerator_Fixed_Medium,hardpoint,Plasma Accelerator,Plasma Accelerator,Fixed,,,2,C,
128049466,874,Hpt_PlasmaAccelerator_Fixed_Large,hardpoint,Plasma Accelerator,Plasma Accelerator,Fixed,,,3,B,
128049467,875,Hpt_PlasmaAccelerator_Fixed_Huge,hardpoint,Plasma Accelerator,Plasma Accelerator,Fixed,,,4,A,
128049488,876,Hpt_Railgun_Fixed_Small,hardpoint,Rail Gun,Rail Gun,Fixed,,,1,D,
128049489,877,Hpt_Railgun_Fixed_Medium,hardpoint,Rail Gun,Rail Gun,Fixed,,,2,B,
128049492,878,Hpt_BasicMissileRack_Fixed_Small,hardpoint,Missile Rack,Missile Rack,Fixed,Seeker,,1,B,
128049493,879,Hpt_BasicMissileRack_Fixed_Medium,hardpoint,Missile Rack,Missile Rack,Fixed,Seeker,,2,B,
128049500,880,Hpt_MineLauncher_Fixed_Small,hardpoint,Mine Launcher,Mine Launcher,Fixed,,,1,I,
128049501,881,Hpt_MineLauncher_Fixed_Medium,hardpoint,Mine Launcher,Mine Launcher,Fixed,,,2,I,
128049509,882,Hpt_AdvancedTorpPylon_Fixed_Small,hardpoint,Torpedo Pylon,Torpedo Pylon,Fixed,Seeker,,1,I,
128049510,883,Hpt_AdvancedTorpPylon_Fixed_Medium,hardpoint,Torpedo Pylon,Torpedo Pylon,Fixed,Seeker,,2,I,
128049513,884,Hpt_ChaffLauncher_Tiny,utility,Chaff Launcher,Chaff Launcher,,,,0,I,
128049516,885,Hpt_ElectronicCountermeasure_Tiny,utility,Electronic Countermeasure,Electronic Countermeasure,,,,0,F,
128049519,886,Hpt_HeatSinkLauncher_Turret_Tiny,utility,Heat Sink Launcher,Heat Sink Launcher,,,,0,I,
128049522,887,Hpt_PlasmaPointDefence_Turret_Tiny,utility,Point Defence,Point Defence,,,,0,I,
128049525,888,Hpt_MiningLaser_Fixed_Small,hardpoint,Mining Laser,Mining Laser,Fixed,,,1,D,
128049526,889,Hpt_MiningLaser_Fixed_Medium,hardpoint,Mining Laser,Mining Laser,Fixed,,,2,D,
128049549,890,Int_DockingComputer_Standard,internal,Standard Docking Computer,Standard Docking Computer,,,,1,E,
128064033,891,Int_Powerplant_Size2_Class1,standard,Power Plant,Power Plant,,,,2,E,
128064034,892,Int_Powerplant_Size2_Class2,standard,Power Plant,Power Plant,,,,2,D,
128064035,893,Int_Powerplant_Size2_Class3,standard,Power Plant,Power Plant,,,,2,C,
128064036,894,Int_Powerplant_Size2_Class4,standard,Power Plant,Power Plant,,,,2,B,
128064037,895,Int_Powerplant_Size2_Class5,standard,Power Plant,Power Plant,,,,2,A,
128064038,896,Int_Powerplant_Size3_Class1,standard,Power Plant,Power Plant,,,,3,E,
128064039,897,Int_Powerplant_Size3_Class2,standard,Power Plant,Power Plant,,,,3,D,
128064040,898,Int_Powerplant_Size3_Class3,standard,Power Plant,Power Plant,,,,3,C,
128064041,899,Int_Powerplant_Size3_Class4,standard,Power Plant,Power Plant,,,,3,B,
128064042,900,Int_Powerplant_Size3_Class5,standard,Power Plant,Power Plant,,,,3,A,
128064043,901,Int_Powerplant_Size4_Class1,standard,Power Plant,Power Plant,,,,4,E,
128064044,902,Int_Powerplant_Size4_Class2,standard,Power Plant,Power Plant,,,,4,D,
128064045,903,Int_Powerplant_Size4_Class3,standard,Power Plant,Power Plant,,,,4,C,
128064046,904,Int_Powerplant_Size4_Class4,standard,Power Plant,Power Plant,,,,4,B,
128064047,905,Int_Powerplant_Size4_Class5,standard,Power Plant,Power Plant,,,,4,A,
128064048,906,Int_Powerplant_Size5_Class1,standard,Power Plant,Power Plant,,,,5,E,
128064049,907,Int_Powerplant_Size5_Class2,standard,Power Plant,Power Plant,,,,5,D,
128064050,908,Int_Powerplant_Size5_Class3,standard,Power Plant,Power Plant,,,,5,C,
128064051,909,Int_Powerplant_Size5_Class4,standard,Power Plant,Power Plant,,,,5,B,
128064052,910,Int_Powerplant_Size5_Class5,standard,Power Plant,Power Plant,,,,5,A,
128064053,911,Int_Powerplant_Size6_Class1,standard,Power Plant,Power Plant,,,,6,E,
128064054,912,Int_Powerplant_Size6_Class2,standard,Power Plant,Power Plant,,,,6,D,
128064055,913,Int_Powerplant_Size6_Class3,standard,Power Plant,Power Plant,,,,6,C,
128064056,914,Int_Powerplant_Size6_Class4,standard,Power Plant,Power Plant,,,,6,B,
128064057,915,Int_Powerplant_Size6_Class5,standard,Power Plant,Power Plant,,,,6,A,
128064058,916,Int_Powerplant_Size7_Class1,standard,Power Plant,Power Plant,,,,7,E,
128064059,917,Int_Powerplant_Size7_Class2,standard,Power Plant,Power Plant,,,,7,D,
128064060,918,Int_Powerplant_Size7_Class3,standard,Power Plant,Power Plant,,,,7,C,
128064061,919,Int_Powerplant_Size7_Class4,standard,Power Plant,Power Plant,,,,7,B,
128064062,920,Int_Powerplant_Size7_Class5,standard,Power Plant,Power Plant,,,,7,A,
128064063,921,Int_Powerplant_Size8_Class1,standard,Power Plant,Power Plant,,,,8,E,
128064064,922,Int_Powerplant_Size8_Class2,standard,Power Plant,Power Plant,,,,8,D,
128064065,923,Int_Powerplant_Size8_Class3,standard,Power Plant,Power Plant,,,,8,C,
128064066,924,Int_Powerplant_Size8_Class4,standard,Power Plant,Power Plant,,,,8,B,
128064067,925,Int_Powerplant_Size8_Class5,standard,Power Plant,Power Plant,,,,8,A,
128064068,926,Int_Engine_Size2_Class1,standard,Thrusters,Thrusters,,,,2,E,
128064069,927,Int_Engine_Size2_Class2,standard,Thrusters,Thrusters,,,,2,D,
128064070,928,Int_Engine_Size2_Class3,standard,Thrusters,Thrusters,,,,2,C,
128064071,929,Int_Engine_Size2_Class4,standard,Thrusters,Thrusters,,,,2,B,
128064072,930,Int_Engine_Size2_Class5,standard,Thrusters,Thrusters,,,,2,A,
128064073,931,Int_Engine_Size3_Class1,standard,Thrusters,Thrusters,,,,3,E,
128064074,932,Int_Engine_Size3_Class2,standard,Thrusters,Thrusters,,,,3,D,
128064075,933,Int_Engine_Size3_Class3,standard,Thrusters,Thrusters,,,,3,C,
128064076,934,Int_Engine_Size3_Class4,standard,Thrusters,Thrusters,,,,3,B,
128064077,935,Int_Engine_Size3_Class5,standard,Thrusters,Thrusters,,,,3,A,
128064078,936,Int_Engine_Size4_Class1,standard,Thrusters,Thrusters,,,,4,E,
128064079,937,Int_Engine_Size4_Class2,standard,Thrusters,Thrusters,,,,4,D,
128064080,938,Int_Engine_Size4_Class3,standard,Thrusters,Thrusters,,,,4,C,
128064081,939,Int_Engine_Size4_Class4,standard,Thrusters,Thrusters,,,,4,B,
128064082,940,Int_Engine_Size4_Class5,standard,Thrusters,Thrusters,,,,4,A,
128064083,941,Int_Engine_Size5_Class1,standard,Thrusters,Thrusters,,,,5,E,
128064084,942,Int_Engine_Size5_Class2,standard,Thrusters,Thrusters,,,,5,D,
128064085,943,Int_Engine_Size5_Class3,standard,Thrusters,Thrusters,,,,5,C,
128064086,944,Int_Engine_Size5_Class4,standard,Thrusters,Thrusters,,,,5,B,
128064087,945,Int_Engine_Size5_Class5,standard,Thrusters,Thrusters,,,,5,A,
128064088,946,Int_Engine_Size6_Class1,standard,Thrusters,Thrusters,,,,6,E,
128064089,947,Int_Engine_Size6_Class2,standard,Thrusters,Thrusters,,,,6,D,
128064090,948,Int_Engine_Size6_Class3,standard,Thrusters,Thrusters,,,,6,C,
128064091,949,Int_Engine_Size6_Class4,standard,Thrusters,Thrusters,,,,6,B,
128064092,950,Int_Engine_Size6_Class5,standard,Thrusters,Thrusters,,,,6,A,
128064093,951,Int_Engine_Size7_Class1,standard,Thrusters,Thrusters,,,,7,E,
128064094,952,Int_Engine_Size7_Class2,standard,Thrusters,Thrusters,,,,7,D,
128064095,953,Int_Engine_Size7_Class3,standard,Thrusters,Thrusters,,,,7,C,
128064096,954,Int_Engine_Size7_Class4,standard,Thrusters,Thrusters,,,,7,B,
128064097,955,Int_Engine_Size7_Class5,standard,Thrusters,Thrusters,,,,7,A,
128064098,956,Int_Engine_Size8_Class1,standard,Thrusters,Thrusters,,,,8,E,
128064099,957,Int_Engine_Size8_Class2,standard,Thrusters,Thrusters,,,,8,D,
128064100,958,Int_Engine_Size8_Class3,standard,Thrusters,Thrusters,,,,8,C,
128064101,959,Int_Engine_Size8_Class4,standard,Thrusters,Thrusters,,,,8,B,
128064102,960,Int_Engine_Size8_Class5,standard,Thrusters,Thrusters,,,,8,A,
128064103,961,Int_Hyperdrive_Size2_Class1,standard,Frame Shift Drive,Frame Shift Drive,,,,2,E,
128064104,962,Int_Hyperdrive_Size2_Class2,standard,Frame Shift Drive,Frame Shift Drive,,,,2,D,
128064105,963,Int_Hyperdrive_Size2_Class3,standard,Frame Shift Drive,Frame Shift Drive,,,,2,C,
128064106,964,Int_Hyperdrive_Size2_Class4,standard,Frame Shift Drive,Frame Shift Drive,,,,2,B,
128064107,965,Int_Hyperdrive_Size2_Class5,standard,Frame Shift Drive,Frame Shift Drive,,,,2,A,
128064108,966,Int_Hyperdrive_Size3_Class1,standard,Frame Shift Drive,Frame Shift Drive,,,,3,E,
128064109,967,Int_Hyperdrive_Size3_Class2,standard,Frame Shift Drive,Frame Shift Drive,,,,3,D,
128064110,968,Int_Hyperdrive_Size3_Class3,standard,Frame Shift Drive,Frame Shift Drive,,,,3,C,
128064111,969,Int_Hyperdrive_Size3_Class4,standard,Frame Shift Drive,Frame Shift Drive,,,,3,B,
128064112,970,Int_Hyperdrive_Size3_Class5,standard,Frame Shift Drive,Frame Shift Drive,,,,3,A,
128064113,971,Int_Hyperdrive_Size4_Class1,standard,Frame Shift Drive,Frame Shift Drive,,,,4,E,
128064114,972,Int_Hyperdrive_Size4_Class2,standard,Frame Shift Drive,Frame Shift Drive,,,,4,D,
128064115,973,Int_Hyperdrive_Size4_Class3,standard,Frame Shift Drive,Frame Shift Drive,,,,4,C,
128064116,974,Int_Hyperdrive_Size4_Class4,standard,Frame Shift Drive,Frame Shift Drive,,,,4,B,
128064117,975,Int_Hyperdrive_Size4_Class5,standard,Frame Shift Drive,Frame Shift Drive,,,,4,A,
128064118,976,Int_Hyperdrive_Size5_Class1,standard,Frame Shift Drive,Frame Shift Drive,,,,5,E,
128064119,977,Int_Hyperdrive_Size5_Class2,standard,Frame Shift Drive,Frame Shift Drive,,,,5,D,
128064120,978,Int_Hyperdrive_Size5_Class3,standard,Frame Shift Drive,Frame Shift Drive,,,,5,C,
128064121,979,Int_Hyperdrive_Size5_Class4,standard,Frame Shift Drive,Frame Shift Drive,,,,5,B,
128064122,980,Int_Hyperdrive_Size5_Class5,standard,Frame Shift Drive,Frame Shift Drive,,,,5,A,
128064123,981,Int_Hyperdrive_Size6_Class1,standard,Frame Shift Drive,Frame Shift Drive,,,,6,E,
128064124,982,Int_Hyperdrive_Size6_Class2,standard,Frame Shift Drive,Frame Shift Drive,,,,6,D,
128064125,983,Int_Hyperdrive_Size6_Class3,standard,Frame Shift Drive,Frame Shift Drive,,,,6,C,
128064126,984,Int_Hyperdrive_Size6_Class4,standard,Frame Shift Drive,Frame Shift Drive,,,,6,B,
128064127,985,Int_Hyperdrive_Size6_Class5,standard,Frame Shift Drive,Frame Shift Drive,,,,6,A,
128064128,986,Int_Hyperdrive_Size7_Class1,standard,Frame Shift Drive,Frame Shift Drive,,,,7,E,
128064129,987,Int_Hyperdrive_Size7_Class2,standard,Frame Shift Drive,Frame Shift Drive,,,,7,D,
128064130,988,Int_Hyperdrive_Size7_Class3,standard,Frame Shift Drive,Frame Shift Drive,,,,7,C,
128064131,989,Int_Hyperdrive_Size7_Class4,standard,Frame Shift Drive,Frame Shift Drive,,,,7,B,
128064132,990,Int_Hyperdrive_Size7_Class5,standard,Frame Shift Drive,Frame Shift Drive,,,,7,A,
128064133,991,Int_Hyperdrive_Size8_Class1,standard,Frame Shift Drive,Frame Shift Drive,,,,8,E,
128064134,992,Int_Hyperdrive_Size8_Class2,standard,Frame Shift Drive,Frame Shift Drive,,,,8,D,
128064135,993,Int_Hyperdrive_Size8_Class3,standard,Frame Shift Drive,Frame Shift Drive,,,,8,C,
128064136,994,Int_Hyperdrive_Size8_Class4,standard,Frame Shift Drive,Frame Shift Drive,,,,8,B,
128064137,995,Int_Hyperdrive_Size8_Class5,standard,Frame Shift Drive,Frame Shift Drive,,,,8,A,
128064138,996,Int_LifeSupport_Size1_Class1,standard,Life Support,Life Support,,,,1,E,
128064139,997,Int_LifeSupport_Size1_Class2,standard,Life Support,Life Support,,,,1,D,
128064140,998,Int_LifeSupport_Size1_Class3,standard,Life Support,Life Support,,,,1,C,
128064141,999,Int_LifeSupport_Size1_Class4,standard,Life Support,Life Support,,,,1,B,
128064142,1000,Int_LifeSupport_Size1_Class5,standard,Life Support,Life Support,,,,1,A,
128064143,1001,Int_LifeSupport_Size2_Class1,standard,Life Support,Life Support,,,,2,E,
128064144,1002,Int_LifeSupport_Size2_Class2,standard,Life Support,Life Support,,,,2,D,
128064145,1003,Int_LifeSupport_Size2_Class3,standard,Life Support,Life Support,,,,2,C,
128064146,1004,Int_LifeSupport_Size2_Class4,standard,Life Support,Life Support,,,,2,B,
128064147,1005,Int_LifeSupport_Size2_Class5,standard,Life Support,Life Support,,,,2,A,
128064148,1006,Int_LifeSupport_Size3_Class1,standard,Life Support,Life Support,,,,3,E,
128064149,1007,Int_LifeSupport_Size3_Class2,standard,Life Support,Life Support,,,,3,D,
128064150,1008,Int_LifeSupport_Size3_Class3,standard,Life Support,Life Support,,,,3,C,
128064151,1009,Int_LifeSupport_Size3_Class4,standard,Life Support,Life Support,,,,3,B,
128064152,1010,Int_LifeSupport_Size3_Class5,standard,Life Support,Life Support,,,,3,A,
128064153,1011,Int_LifeSupport_Size4_Class1,standard,Life Support,Life Support,,,,4,E,
128064154,1012,Int_LifeSupport_Size4_Class2,standard,Life Support,Life Support,,,,4,D,
128064155,1013,Int_LifeSupport_Size4_Class3,standard,Life Support,Life Support,,,,4,C,
128064156,1014,Int_LifeSupport_Size4_Class4,standard,Life Support,Life Support,,,,4,B,
128064157,1015,Int_LifeSupport_Size4_Class5,standard,Life Support,Life Support,,,,4,A,
128064158,1016,Int_LifeSupport_Size5_Class1,standard,Life Support,Life Support,,,,5,E,
128064159,1017,Int_LifeSupport_Size5_Class2,standard,Life Support,Life Support,,,,5,D,
128064160,1018,Int_LifeSupport_Size5_Class3,standard,Life Support,Life Support,,,,5,C,
128064161,1019,Int_LifeSupport_Size5_Class4,standard,Life Support,Life Support,,,,5,B,
128064162,1020,Int_LifeSupport_Size5_Class5,standard,Life Support,Life Support,,,,5,A,
128064163,1021,Int_LifeSupport_Size6_Class1,standard,Life Support,Life Support,,,,6,E,
128064164,1022,Int_LifeSupport_Size6_Class2,standard,Life Support,Life Support,,,,6,D,
128064165,1023,Int_LifeSupport_Size6_Class3,standard,Life Support,Life Support,,,,6,C,
128064166,1024,Int_LifeSupport_Size6_Class4,standard,Life Support,Life Support,,,,6,B,
128064167,1025,Int_LifeSupport_Size6_Class5,standard,Life Support,Life Support,,,,6,A,
128064168,1026,Int_LifeSupport_Size7_Class1,standard,Life Support,Life Support,,,,7,E,
128064169,1027,Int_LifeSupport_Size7_Class2,standard,Life Support,Life Support,,,,7,D,
128064170,1028,Int_LifeSupport_Size7_Class3,standard,Life Support,Life Support,,,,7,C,
128064171,1029,Int_LifeSupport_Size7_Class4,standard,Life Support,Life Support,,,,7,B,
128064172,1030,Int_LifeSupport_Size7_Class5,standard,Life Support,Life Support,,,,7,A,
128064173,1031,Int_LifeSupport_Size8_Class1,standard,Life Support,Life Support,,,,8,E,
128064174,1032,Int_LifeSupport_Size8_Class2,standard,Life Support,Life Support,,,,8,D,
128064175,1033,Int_LifeSupport_Size8_Class3,standard,Life Support,Life Support,,,,8,C,
128064176,1034,Int_LifeSupport_Size8_Class4,standard,Life Support,Life Support,,,,8,B,
128064177,1035,Int_LifeSupport_Size8_Class5,standard,Life Support,Life Support,,,,8,A,
128064178,1036,Int_PowerDistributor_Size1_Class1,standard,Power Distributor,Power Distributor,,,,1,E,
128064179,1037,Int_PowerDistributor_Size1_Class2,standard,Power Distributor,Power Distributor,,,,1,D,
128064180,1038,Int_PowerDistributor_Size1_Class3,standard,Power Distributor,Power Distributor,,,,1,C,
128064181,1039,Int_PowerDistributor_Size1_Class4,standard,Power Distributor,Power Distributor,,,,1,B,
128064182,1040,Int_PowerDistributor_Size1_Class5,standard,Power Distributor,Power Distributor,,,,1,A,
128064183,1041,Int_PowerDistributor_Size2_Class1,standard,Power Distributor,Power Distributor,,,,2,E,
128064184,1042,Int_PowerDistributor_Size2_Class2,standard,Power Distributor,Power Distributor,,,,2,D,
128064185,1043,Int_PowerDistributor_Size2_Class3,standard,Power Distributor,Power Distributor,,,,2,C,
128064186,1044,Int_PowerDistributor_Size2_Class4,standard,Power Distributor,Power Distributor,,,,2,B,
128064187,1045,Int_PowerDistributor_Size2_Class5,standard,Power Distributor,Power Distributor,,,,2,A,
128064188,1046,Int_PowerDistributor_Size3_Class1,standard,Power Distributor,Power Distributor,,,,3,E,
128064189,1047,Int_PowerDistributor_Size3_Class2,standard,Power Distributor,Power Distributor,,,,3,D,
128064190,1048,Int_PowerDistributor_Size3_Class3,standard,Power Distributor,Power Distributor,,,,3,C,
128064191,1049,Int_PowerDistributor_Size3_Class4,standard,Power Distributor,Power Distributor,,,,3,B,
128064192,1050,Int_PowerDistributor_Size3_Class5,standard,Power Distributor,Power Distributor,,,,3,A,
128064193,1051,Int_PowerDistributor_Size4_Class1,standard,Power Distributor,Power Distributor,,,,4,E,
128064194,1052,Int_PowerDistributor_Size4_Class2,standard,Power Distributor,Power Distributor,,,,4,D,
128064195,1053,Int_PowerDistributor_Size4_Class3,standard,Power Distributor,Power Distributor,,,,4,C,
128064196,1054,Int_PowerDistributor_Size4_Class4,standard,Power Distributor,Power Distributor,,,,4,B,
128064197,1055,Int_PowerDistributor_Size4_Class5,standard,Power Distributor,Power Distributor,,,,4,A,
128064198,1056,Int_PowerDistributor_Size5_Class1,standard,Power Distributor,Power Distributor,,,,5,E,
128064199,1057,Int_PowerDistributor_Size5_Class2,standard,Power Distributor,Power Distributor,,,,5,D,
128064200,1058,Int_PowerDistributor_Size5_Class3,standard,Power Distributor,Power Distributor,,,,5,C,
128064201,1059,Int_PowerDistributor_Size5_Class4,standard,Power Distributor,Power Distributor,,,,5,B,
128064202,1060,Int_PowerDistributor_Size5_Class5,standard,Power Distributor,Power Distributor,,,,5,A,
128064203,1061,Int_PowerDistributor_Size6_Class1,standard,Power Distributor,Power Distributor,,,,6,E,
128064204,1062,Int_PowerDistributor_Size6_Class2,standard,Power Distributor,Power Distributor,,,,6,D,
128064205,1063,Int_PowerDistributor_Size6_Class3,standard,Power Distributor,Power Distributor,,,,6,C,
128064206,1064,Int_PowerDistributor_Size6_Class4,standard,Power Distributor,Power Distributor,,,,6,B,
128064207,1065,Int_PowerDistributor_Size6_Class5,standard,Power Distributor,Power Distributor,,,,6,A,
128064208,1066,Int_PowerDistributor_Size7_Class1,standard,Power Distributor,Power Distributor,,,,7,E,
128064209,1067,Int_PowerDistributor_Size7_Class2,standard,Power Distributor,Power Distributor,,,,7,D,
128064210,1068,Int_PowerDistributor_Size7_Class3,standard,Power Distributor,Power Distributor,,,,7,C,
128064211,1069,Int_PowerDistributor_Size7_Class4,standard,Power Distributor,Power Distributor,,,,7,B,
128064212,1070,Int_PowerDistributor_Size7_Class5,standard,Power Distributor,Power Distributor,,,,7,A,
128064213,1071,Int_PowerDistributor_Size8_Class1,standard,Power Distributor,Power Distributor,,,,8,E,
128064214,1072,Int_PowerDistributor_Size8_Class2,standard,Power Distributor,Power Distributor,,,,8,D,
128064215,1073,Int_PowerDistributor_Size8_Class3,standard,Power Distributor,Power Distributor,,,,8,C,
128064216,1074,Int_PowerDistributor_Size8_Class4,standard,Power Distributor,Power Distributor,,,,8,B,
128064217,1075,Int_PowerDistributor_Size8_Class5,standard,Power Distributor,Power Distributor,,,,8,A,
128064218,1076,Int_Sensors_Size1_Class1,standard,Sensors,Sensors,,,,1,E,
128064219,1077,Int_Sensors_Size1_Class2,standard,Sensors,Sensors,,,,1,D,
128064220,1078,Int_Sensors_Size1_Class3,standard,Sensors,Sensors,,,,1,C,
128064221,1079,Int_Sensors_Size1_Class4,standard,Sensors,Sensors,,,,1,B,
128064222,1080,Int_Sensors_Size1_Class5,standard,Sensors,Sensors,,,,1,A,
128064223,1081,Int_Sensors_Size2_Class1,standard,Sensors,Sensors,,,,2,E,
128064224,1082,Int_Sensors_Size2_Class2,standard,Sensors,Sensors,,,,2,D,
128064225,1083,Int_Sensors_Size2_Class3,standard,Sensors,Sensors,,,,2,C,
128064226,1084,Int_Sensors_Size2_Class4,standard,Sensors,Sensors,,,,2,B,
128064227,1085,Int_Sensors_Size2_Class5,standard,Sensors,Sensors,,,,2,A,
128064228,1086,Int_Sensors_Size3_Class1,standard,Sensors,Sensors,,,,3,E,
128064229,1087,Int_Sensors_Size3_Class2,standard,Sensors,Sensors,,,,3,D,
128064230,1088,Int_Sensors_Size3_Class3,standard,Sensors,Sensors,,,,3,C,
128064231,1089,Int_Sensors_Size3_Class4,standard,Sensors,Sensors,,,,3,B,
128064232,1090,Int_Sensors_Size3_Class5,standard,Sensors,Sensors,,,,3,A,
128064233,1091,Int_Sensors_Size4_Class1,standard,Sensors,Sensors,,,,4,E,
128064234,1092,Int_Sensors_Size4_Class2,standard,Sensors,Sensors,,,,4,D,
128064235,1093,Int_Sensors_Size4_Class3,standard,Sensors,Sensors,,,,4,C,
128064236,1094,Int_Sensors_Size4_Class4,standard,Sensors,Sensors,,,,4,B,
128064237,1095,Int_Sensors_Size4_Class5,standard,Sensors,Sensors,,,,4,A,
128064238,1096,Int_Sensors_Size5_Class1,standard,Sensors,Sensors,,,,5,E,
128064239,1097,Int_Sensors_Size5_Class2,standard,Sensors,Sensors,,,,5,D,
128064240,1098,Int_Sensors_Size5_Class3,standard,Sensors,Sensors,,,,5,C,
128064241,1099,Int_Sensors_Size5_Class4,standard,Sensors,Sensors,,,,5,B,
128064242,1100,Int_Sensors_Size5_Class5,standard,Sensors,Sensors,,,,5,A,
128064243,1101,Int_Sensors_Size6_Class1,standard,Sensors,Sensors,,,,6,E,
128064244,1102,Int_Sensors_Size6_Class2,standard,Sensors,Sensors,,,,6,D,
128064245,1103,Int_Sensors_Size6_Class3,standard,Sensors,Sensors,,,,6,C,
128064246,1104,Int_Sensors_Size6_Class4,standard,Sensors,Sensors,,,,6,B,
128064247,1105,Int_Sensors_Size6_Class5,standard,Sensors,Sensors,,,,6,A,
128064248,1106,Int_Sensors_Size7_Class1,standard,Sensors,Sensors,,,,7,E,
128064249,1107,Int_Sensors_Size7_Class2,standard,Sensors,Sensors,,,,7,D,
128064250,1108,Int_Sensors_Size7_Class3,standard,Sensors,Sensors,,,,7,C,
128064251,1109,Int_Sensors_Size7_Class4,standard,Sensors,Sensors,,,,7,B,
128064252,1110,Int_Sensors_Size7_Class5,standard,Sensors,Sensors,,,,7,A,
128064253,1111,Int_Sensors_Size8_Class1,standard,Sensors,Sensors,,,,8,E,
128064254,1112,Int_Sensors_Size8_Class2,standard,Sensors,Sensors,,,,8,D,
128064255,1113,Int_Sensors_Size8_Class3,standard,Sensors,Sensors,,,,8,C,
128064256,1114,Int_Sensors_Size8_Class4,standard,Sensors,Sensors,,,,8,B,
128064257,1115,Int_Sensors_Size8_Class5,standard,Sensors,Sensors,,,,8,A,
128064262,0,Int_ShieldGenerator_Size1_Class5,internal,Shield Generator,Shield Generator,,,,1,A,
128064263,1116,Int_ShieldGenerator_Size2_Class1,internal,Shield Generator,Shield Generator,,,,2,E,
128064264,1117,Int_ShieldGenerator_Size2_Class2,internal,Shield Generator,Shield Generator,,,,2,D,
128064265,1118,Int_ShieldGenerator_Size2_Class3,internal,Shield Generator,Shield Generator,,,,2,C,
128064266,1119,Int_ShieldGenerator_Size2_Class4,internal,Shield Generator,Shield Generator,,,,2,B,
128064267,1120,Int_ShieldGenerator_Size2_Class5,internal,Shield Generator,Shield Generator,,,,2,A,
128064268,1121,Int_ShieldGenerator_Size3_Class1,internal,Shield Generator,Shield Generator,,,,3,E,
128064269,1122,Int_ShieldGenerator_Size3_Class2,internal,Shield Generator,Shield Generator,,,,3,D,
128064270,1123,Int_ShieldGenerator_Size3_Class3,internal,Shield Generator,Shield Generator,,,,3,C,
128064271,1124,Int_ShieldGenerator_Size3_Class4,internal,Shield Generator,Shield Generator,,,,3,B,
128064272,1125,Int_ShieldGenerator_Size3_Class5,internal,Shield Generator,Shield Generator,,,,3,A,
128064273,1126,Int_ShieldGenerator_Size4_Class1,internal,Shield Generator,Shield Generator,,,,4,E,
128064274,1127,Int_ShieldGenerator_Size4_Class2,internal,Shield Generator,Shield Generator,,,,4,D,
128064275,1128,Int_ShieldGenerator_Size4_Class3,internal,Shield Generator,Shield Generator,,,,4,C,
128064276,1129,Int_ShieldGenerator_Size4_Class4,internal,Shield Generator,Shield Generator,,,,4,B,
128064277,1130,Int_ShieldGenerator_Size4_Class5,internal,Shield Generator,Shield Generator,,,,4,A,
128064278,1131,Int_ShieldGenerator_Size5_Class1,internal,Shield Generator,Shield Generator,,,,5,E,
128064279,1132,Int_ShieldGenerator_Size5_Class2,internal,Shield Generator,Shield Generator,,,,5,D,
128064280,1133,Int_ShieldGenerator_Size5_Class3,internal,Shield Generator,Shield Generator,,,,5,C,
128064281,1134,Int_ShieldGenerator_Size5_Class4,internal,Shield Generator,Shield Generator,,,,5,B,
128064282,1135,Int_ShieldGenerator_Size5_Class5,internal,Shield Generator,Shield Generator,,,,5,A,
128064283,1136,Int_ShieldGenerator_Size6_Class1,internal,Shield Generator,Shield Generator,,,,6,E,
128064284,1137,Int_ShieldGenerator_Size6_Class2,internal,Shield Generator,Shield Generator,,,,6,D,
128064285,1138,Int_ShieldGenerator_Size6_Class3,internal,Shield Generator,Shield Generator,,,,6,C,
128064286,1139,Int_ShieldGenerator_Size6_Class4,internal,Shield Generator,Shield Generator,,,,6,B,
128064287,1140,Int_ShieldGenerator_Size6_Class5,internal,Shield Generator,Shield Generator,,,,6,A,
128064288,1141,Int_ShieldGenerator_Size7_Class1,internal,Shield Generator,Shield Generator,,,,7,E,
128064289,1142,Int_ShieldGenerator_Size7_Class2,internal,Shield Generator,Shield Generator,,,,7,D,
128064290,1143,Int_ShieldGenerator_Size7_Class3,internal,Shield Generator,Shield Generator,,,,7,C,
128064291,1144,Int_ShieldGenerator_Size7_Class4,internal,Shield Generator,Shield Generator,,,,7,B,
128064292,1145,Int_ShieldGenerator_Size7_Class5,internal,Shield Generator,Shield Generator,,,,7,A,
128064293,1146,Int_ShieldGenerator_Size8_Class1,internal,Shield Generator,Shield Generator,,,,8,E,
128064294,1147,Int_ShieldGenerator_Size8_Class2,internal,Shield Generator,Shield Generator,,,,8,D,
128064295,1148,Int_ShieldGenerator_Size8_Class3,internal,Shield Generator,Shield Generator,,,,8,C,
128064296,1149,Int_ShieldGenerator_Size8_Class4,internal,Shield Generator,Shield Generator,,,,8,B,
128064297,1150,Int_ShieldGenerator_Size8_Class5,internal,Shield Generator,Shield Generator,,,,8,A,
128064298,1151,Int_ShieldCellBank_Size1_Class1,internal,Shield Cell Bank,Shield Cell Bank,,,,1,E,
128064299,1152,Int_ShieldCellBank_Size1_Class2,internal,Shield Cell Bank,Shield Cell Bank,,,,1,D,
128064300,1153,Int_ShieldCellBank_Size1_Class3,internal,Shield Cell Bank,Shield Cell Bank,,,,1,C,
128064301,1154,Int_ShieldCellBank_Size1_Class4,internal,Shield Cell Bank,Shield Cell Bank,,,,1,B,
128064302,1155,Int_ShieldCellBank_Size1_Class5,internal,Shield Cell Bank,Shield Cell Bank,,,,1,A,
128064303,1156,Int_ShieldCellBank_Size2_Class1,internal,Shield Cell Bank,Shield Cell Bank,,,,2,E,
128064304,1157,Int_ShieldCellBank_Size2_Class2,internal,Shield Cell Bank,Shield Cell Bank,,,,2,D,
128064305,1158,Int_ShieldCellBank_Size2_Class3,internal,Shield Cell Bank,Shield Cell Bank,,,,2,C,
128064306,1159,Int_ShieldCellBank_Size2_Class4,internal,Shield Cell Bank,Shield Cell Bank,,,,2,B,
128064307,1160,Int_ShieldCellBank_Size2_Class5,internal,Shield Cell Bank,Shield Cell Bank,,,,2,A,
128064308,1161,Int_ShieldCellBank_Size3_Class1,internal,Shield Cell Bank,Shield Cell Bank,,,,3,E,
128064309,1162,Int_ShieldCellBank_Size3_Class2,internal,Shield Cell Bank,Shield Cell Bank,,,,3,D,
128064310,1163,Int_ShieldCellBank_Size3_Class3,internal,Shield Cell Bank,Shield Cell Bank,,,,3,C,
128064311,1164,Int_ShieldCellBank_Size3_Class4,internal,Shield Cell Bank,Shield Cell Bank,,,,3,B,
128064312,1165,Int_ShieldCellBank_Size3_Class5,internal,Shield Cell Bank,Shield Cell Bank,,,,3,A,
128064313,1166,Int_ShieldCellBank_Size4_Class1,internal,Shield Cell Bank,Shield Cell Bank,,,,4,E,
128064314,1167,Int_ShieldCellBank_Size4_Class2,internal,Shield Cell Bank,Shield Cell Bank,,,,4,D,
128064315,1168,Int_ShieldCellBank_Size4_Class3,internal,Shield Cell Bank,Shield Cell Bank,,,,4,C,
128064316,1169,Int_ShieldCellBank_Size4_Class4,internal,Shield Cell Bank,Shield Cell Bank,,,,4,B,
128064317,1170,Int_ShieldCellBank_Size4_Class5,internal,Shield Cell Bank,Shield Cell Bank,,,,4,A,
128064318,1171,Int_ShieldCellBank_Size5_Class1,internal,Shield Cell Bank,Shield Cell Bank,,,,5,E,
128064319,1172,Int_ShieldCellBank_Size5_Class2,internal,Shield Cell Bank,Shield Cell Bank,,,,5,D,
128064320,1173,Int_ShieldCellBank_Size5_Class3,internal,Shield Cell Bank,Shield Cell Bank,,,,5,C,
128064321,1174,Int_ShieldCellBank_Size5_Class4,internal,Shield Cell Bank,Shield Cell Bank,,,,5,B,
128064322,1175,Int_ShieldCellBank_Size5_Class5,internal,Shield Cell Bank,Shield Cell Bank,,,,5,A,
128064323,1176,Int_ShieldCellBank_Size6_Class1,internal,Shield Cell Bank,Shield Cell Bank,,,,6,E,
128064324,1177,Int_ShieldCellBank_Size6_Class2,internal,Shield Cell Bank,Shield Cell Bank,,,,6,D,
128064325,1178,Int_ShieldCellBank_Size6_Class3,internal,Shield Cell Bank,Shield Cell Bank,,,,6,C,
128064326,1179,Int_ShieldCellBank_Size6_Class4,internal,Shield Cell Bank,Shield Cell Bank,,,,6,B,
128064327,1180,Int_ShieldCellBank_Size6_Class5,internal,Shield Cell Bank,Shield Cell Bank,,,,6,A,
128064328,1181,Int_ShieldCellBank_Size7_Class1,internal,Shield Cell Bank,Shield Cell Bank,,,,7,E,
128064329,1182,Int_ShieldCellBank_Size7_Class2,internal,Shield Cell Bank,Shield Cell Bank,,,,7,D,
128064330,1183,Int_ShieldCellBank_Size7_Class3,internal,Shield Cell Bank,Shield Cell Bank,,,,7,C,
128064331,1184,Int_ShieldCellBank_Size7_Class4,internal,Shield Cell Bank,Shield Cell Bank,,,,7,B,
128064332,1185,Int_ShieldCellBank_Size7_Class5,internal,Shield Cell Bank,Shield Cell Bank,,,,7,A,
128064333,1186,Int_ShieldCellBank_Size8_Class1,internal,Shield Cell Bank,Shield Cell Bank,,,,8,E,
128064334,1187,Int_ShieldCellBank_Size8_Class2,internal,Shield Cell Bank,Shield Cell Bank,,,,8,D,
128064335,1188,Int_ShieldCellBank_Size8_Class3,internal,Shield Cell Bank,Shield Cell Bank,,,,8,C,
128064336,1189,Int_ShieldCellBank_Size8_Class4,internal,Shield Cell Bank,Shield Cell Bank,,,,8,B,
128064337,1190,Int_ShieldCellBank_Size8_Class5,internal,Shield Cell Bank,Shield Cell Bank,,,,8,A,
128064338,1191,Int_CargoRack_Size1_Class1,internal,Cargo Rack,Cargo Rack,,,,1,E,
128064339,1192,Int_CargoRack_Size2_Class1,internal,Cargo Rack,Cargo Rack,,,,2,E,
128064340,1193,Int_CargoRack_Size3_Class1,internal,Cargo Rack,Cargo Rack,,,,3,E,
128064341,1194,Int_CargoRack_Size4_Class1,internal,Cargo Rack,Cargo Rack,,,,4,E,
128064342,1195,Int_CargoRack_Size5_Class1,internal,Cargo Rack,Cargo Rack,,,,5,E,
128064343,1196,Int_CargoRack_Size6_Class1,internal,Cargo Rack,Cargo Rack,,,,6,E,
128064344,1197,Int_CargoRack_Size7_Class1,internal,Cargo Rack,Cargo Rack,,,,7,E,
128064345,1198,Int_CargoRack_Size8_Class1,internal,Cargo Rack,Cargo Rack,,,,8,E,
128064346,1199,Int_FuelTank_Size1_Class3,standard,Fuel Tank,Fuel Tank,,,,1,C,
128064347,1200,Int_FuelTank_Size2_Class3,standard,Fuel Tank,Fuel Tank,,,,2,C,
128064348,1201,Int_FuelTank_Size3_Class3,standard,Fuel Tank,Fuel Tank,,,,3,C,
128064349,1202,Int_FuelTank_Size4_Class3,standard,Fuel Tank,Fuel Tank,,,,4,C,
128064350,1203,Int_FuelTank_Size5_Class3,standard,Fuel Tank,Fuel Tank,,,,5,C,
128064351,1204,Int_FuelTank_Size6_Class3,standard,Fuel Tank,Fuel Tank,,,,6,C,
128064352,1205,Int_FuelTank_Size7_Class3,standard,Fuel Tank,Fuel Tank,,,,7,C,
128064353,1206,Int_FuelTank_Size8_Class3,standard,Fuel Tank,Fuel Tank,,,,8,C,
128066532,1207,Int_DroneControl_ResourceSiphon_Size1_Class1,internal,Hatch Breaker Limpet Controller,Hatch Breaker Limpet Controller,,,,1,E,
128066533,1208,Int_DroneControl_ResourceSiphon_Size1_Class2,internal,Hatch Breaker Limpet Controller,Hatch Breaker Limpet Controller,,,,1,D,
128066534,1209,Int_DroneControl_ResourceSiphon_Size1_Class3,internal,Hatch Breaker Limpet Controller,Hatch Breaker Limpet Controller,,,,1,C,
128066535,1210,Int_DroneControl_ResourceSiphon_Size1_Class4,internal,Hatch Breaker Limpet Controller,Hatch Breaker Limpet Controller,,,,1,B,
128066536,1211,Int_DroneControl_ResourceSiphon_Size1_Class5,internal,Hatch Breaker Limpet Controller,Hatch Breaker Limpet Controller,,,,1,A,
128066537,1212,Int_DroneControl_ResourceSiphon_Size3_Class1,internal,Hatch Breaker Limpet Controller,Hatch Breaker Limpet Controller,,,,3,E,
128066538,1213,Int_DroneControl_ResourceSiphon_Size3_Class2,internal,Hatch Breaker Limpet Controller,Hatch Breaker Limpet Controller,,,,3,D,
128066539,1214,Int_DroneControl_ResourceSiphon_Size3_Class3,internal,Hatch Breaker Limpet Controller,Hatch Breaker Limpet Controller,,,,3,C,
128066540,1215,Int_DroneControl_ResourceSiphon_Size3_Class4,internal,Hatch Breaker Limpet Controller,Hatch Breaker Limpet Controller,,,,3,B,
128066541,1216,Int_DroneControl_ResourceSiphon_Size3_Class5,internal,Hatch Breaker Limpet Controller,Hatch Breaker Limpet Controller,,,,3,A,
128066542,1217,Int_DroneControl_ResourceSiphon_Size5_Class1,internal,Hatch Breaker Limpet Controller,Hatch Breaker Limpet Controller,,,,5,E,
128066543,1218,Int_DroneControl_ResourceSiphon_Size5_Class2,internal,Hatch Breaker Limpet Controller,Hatch Breaker Limpet Controller,,,,5,D,
128066544,1219,Int_DroneControl_ResourceSiphon_Size5_Class3,internal,Hatch Breaker Limpet Controller,Hatch Breaker Limpet Controller,,,,5,C,
128066545,1220,Int_DroneControl_ResourceSiphon_Size5_Class4,internal,Hatch Breaker Limpet Controller,Hatch Breaker Limpet Controller,,,,5,B,
128066546,1221,Int_DroneControl_ResourceSiphon_Size5_Class5,internal,Hatch Breaker Limpet Controller,Hatch Breaker Limpet Controller,,,,5,A,
128066547,1222,Int_DroneControl_ResourceSiphon_Size7_Class1,internal,Hatch Breaker Limpet Controller,Hatch Breaker Limpet Controller,,,,7,E,
128066548,1223,Int_DroneControl_ResourceSiphon_Size7_Class2,internal,Hatch Breaker Limpet Controller,Hatch Breaker Limpet Controller,,,,7,D,
128066549,1224,Int_DroneControl_ResourceSiphon_Size7_Class3,internal,Hatch Breaker Limpet Controller,Hatch Breaker Limpet Controller,,,,7,C,
128066550,1225,Int_DroneControl_ResourceSiphon_Size7_Class4,internal,Hatch Breaker Limpet Controller,Hatch Breaker Limpet Controller,,,,7,B,
128066551,1226,Int_DroneControl_ResourceSiphon_Size7_Class5,internal,Hatch Breaker Limpet Controller,Hatch Breaker Limpet Controller,,,,7,A,
128662520,1227,Hpt_CargoScanner_Size0_Class1,utility,Cargo Scanner,Cargo Scanner,,,,0,E,
128662521,1228,Hpt_CargoScanner_Size0_Class2,utility,Cargo Scanner,Cargo Scanner,,,,0,D,
128662522,1229,Hpt_CargoScanner_Size0_Class3,utility,Cargo Scanner,Cargo Scanner,,,,0,C,
128662523,1230,Hpt_CargoScanner_Size0_Class4,utility,Cargo Scanner,Cargo Scanner,,,,0,B,
128662524,1231,Hpt_CargoScanner_Size0_Class5,utility,Cargo Scanner,Cargo Scanner,,,,0,A,
128662525,1232,Hpt_CloudScanner_Size0_Class1,utility,Frame Shift Wake Scanner,Frame Shift Wake Scanner,,,,0,E,
128662526,1233,Hpt_CloudScanner_Size0_Class2,utility,Frame Shift Wake Scanner,Frame Shift Wake Scanner,,,,0,D,
128662527,1234,Hpt_CloudScanner_Size0_Class3,utility,Frame Shift Wake Scanner,Frame Shift Wake Scanner,,,,0,C,
128662528,1235,Hpt_CloudScanner_Size0_Class4,utility,Frame Shift Wake Scanner,Frame Shift Wake Scanner,,,,0,B,
128662529,1236,Hpt_CloudScanner_Size0_Class5,utility,Frame Shift Wake Scanner,Frame Shift Wake Scanner,,,,0,A,
128662530,1237,Hpt_CrimeScanner_Size0_Class1,utility,Kill Warrant Scanner,Kill Warrant Scanner,,,,0,E,
128662531,1238,Hpt_CrimeScanner_Size0_Class2,utility,Kill Warrant Scanner,Kill Warrant Scanner,,,,0,D,
128662532,1239,Hpt_CrimeScanner_Size0_Class3,utility,Kill Warrant Scanner,Kill Warrant Scanner,,,,0,C,
128662533,1240,Hpt_CrimeScanner_Size0_Class4,utility,Kill Warrant Scanner,Kill Warrant Scanner,,,,0,B,
128662534,1241,Hpt_CrimeScanner_Size0_Class5,utility,Kill Warrant Scanner,Kill Warrant Scanner,,,,0,A,
128662535,1242,Int_StellarBodyDiscoveryScanner_Standard,internal,Basic Discovery Scanner,Basic Discovery Scanner,,,,1,E,
128663560,1243,Int_StellarBodyDiscoveryScanner_Intermediate,internal,Intermediate Discovery Scanner,Intermediate Discovery Scanner,,,,1,D,
128663561,1244,Int_StellarBodyDiscoveryScanner_Advanced,internal,Advanced Discovery Scanner,Advanced Discovery Scanner,,,,1,C,
128666634,1245,Int_DetailedSurfaceScanner_Tiny,internal,Detailed Surface Scanner,Detailed Surface Scanner,,,,1,C,
128666644,1246,Int_FuelScoop_Size1_Class1,internal,Fuel Scoop,Fuel Scoop,,,,1,E,
128666645,1247,Int_FuelScoop_Size2_Class1,internal,Fuel Scoop,Fuel Scoop,,,,2,E,
128666646,1248,Int_FuelScoop_Size3_Class1,internal,Fuel Scoop,Fuel Scoop,,,,3,E,
128666647,1249,Int_FuelScoop_Size4_Class1,internal,Fuel Scoop,Fuel Scoop,,,,4,E,
128666648,1250,Int_FuelScoop_Size5_Class1,internal,Fuel Scoop,Fuel Scoop,,,,5,E,
128666649,1251,Int_FuelScoop_Size6_Class1,internal,Fuel Scoop,Fuel Scoop,,,,6,E,
128666650,1252,Int_FuelScoop_Size7_Class1,internal,Fuel Scoop,Fuel Scoop,,,,7,E,
128666651,1253,Int_FuelScoop_Size8_Class1,internal,Fuel Scoop,Fuel Scoop,,,,8,E,
128666652,1254,Int_FuelScoop_Size1_Class2,internal,Fuel Scoop,Fuel Scoop,,,,1,D,
128666653,1255,Int_FuelScoop_Size2_Class2,internal,Fuel Scoop,Fuel Scoop,,,,2,D,
128666654,1256,Int_FuelScoop_Size3_Class2,internal,Fuel Scoop,Fuel Scoop,,,,3,D,
128666655,1257,Int_FuelScoop_Size4_Class2,internal,Fuel Scoop,Fuel Scoop,,,,4,D,
128666656,1258,Int_FuelScoop_Size5_Class2,internal,Fuel Scoop,Fuel Scoop,,,,5,D,
128666657,1259,Int_FuelScoop_Size6_Class2,internal,Fuel Scoop,Fuel Scoop,,,,6,D,
128666658,1260,Int_FuelScoop_Size7_Class2,internal,Fuel Scoop,Fuel Scoop,,,,7,D,
128666659,1261,Int_FuelScoop_Size8_Class2,internal,Fuel Scoop,Fuel Scoop,,,,8,D,
128666660,1262,Int_FuelScoop_Size1_Class3,internal,Fuel Scoop,Fuel Scoop,,,,1,C,
128666661,1263,Int_FuelScoop_Size2_Class3,internal,Fuel Scoop,Fuel Scoop,,,,2,C,
128666662,1264,Int_FuelScoop_Size3_Class3,internal,Fuel Scoop,Fuel Scoop,,,,3,C,
128666663,1265,Int_FuelScoop_Size4_Class3,internal,Fuel Scoop,Fuel Scoop,,,,4,C,
128666664,1266,Int_FuelScoop_Size5_Class3,internal,Fuel Scoop,Fuel Scoop,,,,5,C,
128666665,1267,Int_FuelScoop_Size6_Class3,internal,Fuel Scoop,Fuel Scoop,,,,6,C,
128666666,1268,Int_FuelScoop_Size7_Class3,internal,Fuel Scoop,Fuel Scoop,,,,7,C,
128666667,1269,Int_FuelScoop_Size8_Class3,internal,Fuel Scoop,Fuel Scoop,,,,8,C,
128666668,1270,Int_FuelScoop_Size1_Class4,internal,Fuel Scoop,Fuel Scoop,,,,1,B,
128666669,1271,Int_FuelScoop_Size2_Class4,internal,Fuel Scoop,Fuel Scoop,,,,2,B,
128666670,1272,Int_FuelScoop_Size3_Class4,internal,Fuel Scoop,Fuel Scoop,,,,3,B,
128666671,1273,Int_FuelScoop_Size4_Class4,internal,Fuel Scoop,Fuel Scoop,,,,4,B,
128666672,1274,Int_FuelScoop_Size5_Class4,internal,Fuel Scoop,Fuel Scoop,,,,5,B,
128666673,1275,Int_FuelScoop_Size6_Class4,internal,Fuel Scoop,Fuel Scoop,,,,6,B,
128666674,1276,Int_FuelScoop_Size7_Class4,internal,Fuel Scoop,Fuel Scoop,,,,7,B,
128666675,1277,Int_FuelScoop_Size8_Class4,internal,Fuel Scoop,Fuel Scoop,,,,8,B,
128666676,1278,Int_FuelScoop_Size1_Class5,internal,Fuel Scoop,Fuel Scoop,,,,1,A,
128666677,1279,Int_FuelScoop_Size2_Class5,internal,Fuel Scoop,Fuel Scoop,,,,2,A,
128666678,1280,Int_FuelScoop_Size3_Class5,internal,Fuel Scoop,Fuel Scoop,,,,3,A,
128666679,1281,Int_FuelScoop_Size4_Class5,internal,Fuel Scoop,Fuel Scoop,,,,4,A,
128666680,1282,Int_FuelScoop_Size5_Class5,internal,Fuel Scoop,Fuel Scoop,,,,5,A,
128666681,1283,Int_FuelScoop_Size6_Class5,internal,Fuel Scoop,Fuel Scoop,,,,6,A,
128666682,1284,Int_FuelScoop_Size7_Class5,internal,Fuel Scoop,Fuel Scoop,,,,7,A,
128666683,1285,Int_FuelScoop_Size8_Class5,internal,Fuel Scoop,Fuel Scoop,,,,8,A,
128666684,1286,Int_Refinery_Size1_Class1,internal,Refinery,Refinery,,,,1,E,
128666685,1287,Int_Refinery_Size2_Class1,internal,Refinery,Refinery,,,,2,E,
128666686,1288,Int_Refinery_Size3_Class1,internal,Refinery,Refinery,,,,3,E,
128666687,1289,Int_Refinery_Size4_Class1,internal,Refinery,Refinery,,,,4,E,
128666688,1290,Int_Refinery_Size1_Class2,internal,Refinery,Refinery,,,,1,D,
128666689,1291,Int_Refinery_Size2_Class2,internal,Refinery,Refinery,,,,2,D,
128666690,1292,Int_Refinery_Size3_Class2,internal,Refinery,Refinery,,,,3,D,
128666691,1293,Int_Refinery_Size4_Class2,internal,Refinery,Refinery,,,,4,D,
128666692,1294,Int_Refinery_Size1_Class3,internal,Refinery,Refinery,,,,1,C,
128666693,1295,Int_Refinery_Size2_Class3,internal,Refinery,Refinery,,,,2,C,
128666694,1296,Int_Refinery_Size3_Class3,internal,Refinery,Refinery,,,,3,C,
128666695,1297,Int_Refinery_Size4_Class3,internal,Refinery,Refinery,,,,4,C,
128666696,1298,Int_Refinery_Size1_Class4,internal,Refinery,Refinery,,,,1,B,
128666697,1299,Int_Refinery_Size2_Class4,internal,Refinery,Refinery,,,,2,B,
128666698,1300,Int_Refinery_Size3_Class4,internal,Refinery,Refinery,,,,3,B,
128666699,1301,Int_Refinery_Size4_Class4,internal,Refinery,Refinery,,,,4,B,
128666700,1302,Int_Refinery_Size1_Class5,internal,Refinery,Refinery,,,,1,A,
128666701,1303,Int_Refinery_Size2_Class5,internal,Refinery,Refinery,,,,2,A,
128666702,1304,Int_Refinery_Size3_Class5,internal,Refinery,Refinery,,,,3,A,
128666703,1305,Int_Refinery_Size4_Class5,internal,Refinery,Refinery,,,,4,A,
128666704,1306,Int_FSDInterdictor_Size1_Class1,internal,Frame Shift Drive Interdictor,Frame Shift Drive Interdictor,,,,1,E,
128666705,1307,Int_FSDInterdictor_Size2_Class1,internal,Frame Shift Drive Interdictor,Frame Shift Drive Interdictor,,,,2,E,
128666706,1308,Int_FSDInterdictor_Size3_Class1,internal,Frame Shift Drive Interdictor,Frame Shift Drive Interdictor,,,,3,E,
128666707,1309,Int_FSDInterdictor_Size4_Class1,internal,Frame Shift Drive Interdictor,Frame Shift Drive Interdictor,,,,4,E,
128666708,1310,Int_FSDInterdictor_Size1_Class2,internal,Frame Shift Drive Interdictor,Frame Shift Drive Interdictor,,,,1,D,
128666709,1311,Int_FSDInterdictor_Size2_Class2,internal,Frame Shift Drive Interdictor,Frame Shift Drive Interdictor,,,,2,D,
128666710,1312,Int_FSDInterdictor_Size3_Class2,internal,Frame Shift Drive Interdictor,Frame Shift Drive Interdictor,,,,3,D,
128666711,1313,Int_FSDInterdictor_Size4_Class2,internal,Frame Shift Drive Interdictor,Frame Shift Drive Interdictor,,,,4,D,
128666712,1314,Int_FSDInterdictor_Size1_Class3,internal,Frame Shift Drive Interdictor,Frame Shift Drive Interdictor,,,,1,C,
128666713,1315,Int_FSDInterdictor_Size2_Class3,internal,Frame Shift Drive Interdictor,Frame Shift Drive Interdictor,,,,2,C,
128666714,1316,Int_FSDInterdictor_Size3_Class3,internal,Frame Shift Drive Interdictor,Frame Shift Drive Interdictor,,,,3,C,
128666715,1317,Int_FSDInterdictor_Size4_Class3,internal,Frame Shift Drive Interdictor,Frame Shift Drive Interdictor,,,,4,C,
128666716,1318,Int_FSDInterdictor_Size1_Class4,internal,Frame Shift Drive Interdictor,Frame Shift Drive Interdictor,,,,1,B,
128666717,1319,Int_FSDInterdictor_Size2_Class4,internal,Frame Shift Drive Interdictor,Frame Shift Drive Interdictor,,,,2,B,
128666718,1320,Int_FSDInterdictor_Size3_Class4,internal,Frame Shift Drive Interdictor,Frame Shift Drive Interdictor,,,,3,B,
128666719,1321,Int_FSDInterdictor_Size4_Class4,internal,Frame Shift Drive Interdictor,Frame Shift Drive Interdictor,,,,4,B,
128666720,1322,Int_FSDInterdictor_Size1_Class5,internal,Frame Shift Drive Interdictor,Frame Shift Drive Interdictor,,,,1,A,
128666721,1323,Int_FSDInterdictor_Size2_Class5,internal,Frame Shift Drive Interdictor,Frame Shift Drive Interdictor,,,,2,A,
128666722,1324,Int_FSDInterdictor_Size3_Class5,internal,Frame Shift Drive Interdictor,Frame Shift Drive Interdictor,,,,3,A,
128666723,1325,Int_FSDInterdictor_Size4_Class5,internal,Frame Shift Drive Interdictor,Frame Shift Drive Interdictor,,,,4,A,
128666724,1326,Hpt_DumbfireMissileRack_Fixed_Small,hardpoint,Missile Rack,Missile Rack,Fixed,Dumbfire,,1,B,
128666725,1327,Hpt_DumbfireMissileRack_Fixed_Medium,hardpoint,Missile Rack,Missile Rack,Fixed,Dumbfire,,2,B,
128667598,1328,Int_Repairer_Size1_Class1,internal,Auto Field-Maintenance Unit,Auto Field-Maintenance Unit,,,,1,E,
128667599,1329,Int_Repairer_Size2_Class1,internal,Auto Field-Maintenance Unit,Auto Field-Maintenance Unit,,,,2,E,
128667600,1330,Int_Repairer_Size3_Class1,internal,Auto Field-Maintenance Unit,Auto Field-Maintenance Unit,,,,3,E,
128667601,1331,Int_Repairer_Size4_Class1,internal,Auto Field-Maintenance Unit,Auto Field-Maintenance Unit,,,,4,E,
128667602,1332,Int_Repairer_Size5_Class1,internal,Auto Field-Maintenance Unit,Auto Field-Maintenance Unit,,,,5,E,
128667603,1333,Int_Repairer_Size6_Class1,internal,Auto Field-Maintenance Unit,Auto Field-Maintenance Unit,,,,6,E,
128667604,1334,Int_Repairer_Size7_Class1,internal,Auto Field-Maintenance Unit,Auto Field-Maintenance Unit,,,,7,E,
128667605,1335,Int_Repairer_Size8_Class1,internal,Auto Field-Maintenance Unit,Auto Field-Maintenance Unit,,,,8,E,
128667606,1336,Int_Repairer_Size1_Class2,internal,Auto Field-Maintenance Unit,Auto Field-Maintenance Unit,,,,1,D,
128667607,1337,Int_Repairer_Size2_Class2,internal,Auto Field-Maintenance Unit,Auto Field-Maintenance Unit,,,,2,D,
128667608,1338,Int_Repairer_Size3_Class2,internal,Auto Field-Maintenance Unit,Auto Field-Maintenance Unit,,,,3,D,
128667609,1339,Int_Repairer_Size4_Class2,internal,Auto Field-Maintenance Unit,Auto Field-Maintenance Unit,,,,4,D,
128667610,1340,Int_Repairer_Size5_Class2,internal,Auto Field-Maintenance Unit,Auto Field-Maintenance Unit,,,,5,D,
128667611,1341,Int_Repairer_Size6_Class2,internal,Auto Field-Maintenance Unit,Auto Field-Maintenance Unit,,,,6,D,
128667612,1342,Int_Repairer_Size7_Class2,internal,Auto Field-Maintenance Unit,Auto Field-Maintenance Unit,,,,7,D,
128667613,1343,Int_Repairer_Size8_Class2,internal,Auto Field-Maintenance Unit,Auto Field-Maintenance Unit,,,,8,D,
128667614,1344,Int_Repairer_Size1_Class3,internal,Auto Field-Maintenance Unit,Auto Field-Maintenance Unit,,,,1,C,
128667615,1345,Int_Repairer_Size2_Class3,internal,Auto Field-Maintenance Unit,Auto Field-Maintenance Unit,,,,2,C,
128667616,1346,Int_Repairer_Size3_Class3,internal,Auto Field-Maintenance Unit,Auto Field-Maintenance Unit,,,,3,C,
128667617,1347,Int_Repairer_Size4_Class3,internal,Auto Field-Maintenance Unit,Auto Field-Maintenance Unit,,,,4,C,
128667618,1348,Int_Repairer_Size5_Class3,internal,Auto Field-Maintenance Unit,Auto Field-Maintenance Unit,,,,5,C,
128667619,1349,Int_Repairer_Size6_Class3,internal,Auto Field-Maintenance Unit,Auto Field-Maintenance Unit,,,,6,C,
128667620,1350,Int_Repairer_Size7_Class3,internal,Auto Field-Maintenance Unit,Auto Field-Maintenance Unit,,,,7,C,
128667621,1351,Int_Repairer_Size8_Class3,internal,Auto Field-Maintenance Unit,Auto Field-Maintenance Unit,,,,8,C,
128667622,1352,Int_Repairer_Size1_Class4,internal,Auto Field-Maintenance Unit,Auto Field-Maintenance Unit,,,,1,B,
128667623,1353,Int_Repairer_Size2_Class4,internal,Auto Field-Maintenance Unit,Auto Field-Maintenance Unit,,,,2,B,
128667624,1354,Int_Repairer_Size3_Class4,internal,Auto Field-Maintenance Unit,Auto Field-Maintenance Unit,,,,3,B,
128667625,1355,Int_Repairer_Size4_Class4,internal,Auto Field-Maintenance Unit,Auto Field-Maintenance Unit,,,,4,B,
128667626,1356,Int_Repairer_Size5_Class4,internal,Auto Field-Maintenance Unit,Auto Field-Maintenance Unit,,,,5,B,
128667627,1357,Int_Repairer_Size6_Class4,internal,Auto Field-Maintenance Unit,Auto Field-Maintenance Unit,,,,6,B,
128667628,1358,Int_Repairer_Size7_Class4,internal,Auto Field-Maintenance Unit,Auto Field-Maintenance Unit,,,,7,B,
128667629,1359,Int_Repairer_Size8_Class4,internal,Auto Field-Maintenance Unit,Auto Field-Maintenance Unit,,,,8,B,
128667630,1360,Int_Repairer_Size1_Class5,internal,Auto Field-Maintenance Unit,Auto Field-Maintenance Unit,,,,1,A,
128667631,1361,Int_Repairer_Size2_Class5,internal,Auto Field-Maintenance Unit,Auto Field-Maintenance Unit,,,,2,A,
128667632,1362,Int_Repairer_Size3_Class5,internal,Auto Field-Maintenance Unit,Auto Field-Maintenance Unit,,,,3,A,
128667633,1363,Int_Repairer_Size4_Class5,internal,Auto Field-Maintenance Unit,Auto Field-Maintenance Unit,,,,4,A,
128667634,1364,Int_Repairer_Size5_Class5,internal,Auto Field-Maintenance Unit,Auto Field-Maintenance Unit,,,,5,A,
128667635,1365,Int_Repairer_Size6_Class5,internal,Auto Field-Maintenance Unit,Auto Field-Maintenance Unit,,,,6,A,
128667636,1366,Int_Repairer_Size7_Class5,internal,Auto Field-Maintenance Unit,Auto Field-Maintenance Unit,,,,7,A,
128667637,1367,Int_Repairer_Size8_Class5,internal,Auto Field-Maintenance Unit,Auto Field-Maintenance Unit,,,,8,A,
128668532,1368,Hpt_ShieldBooster_Size0_Class1,utility,Shield Booster,Shield Booster,,,,0,E,
128668533,1369,Hpt_ShieldBooster_Size0_Class2,utility,Shield Booster,Shield Booster,,,,0,D,
128668534,1370,Hpt_ShieldBooster_Size0_Class3,utility,Shield Booster,Shield Booster,,,,0,C,
128668535,1371,Hpt_ShieldBooster_Size0_Class4,utility,Shield Booster,Shield Booster,,,,0,B,
128668536,1372,Hpt_ShieldBooster_Size0_Class5,utility,Shield Booster,Shield Booster,,,,0,A,
128668537,1373,Int_HullReinforcement_Size1_Class1,internal,Hull Reinforcement Package,Hull Reinforcement Package,,,,1,E,
128668538,1374,Int_HullReinforcement_Size1_Class2,internal,Hull Reinforcement Package,Hull Reinforcement Package,,,,1,D,
128668539,1375,Int_HullReinforcement_Size2_Class1,internal,Hull Reinforcement Package,Hull Reinforcement Package,,,,2,E,
128668540,1376,Int_HullReinforcement_Size2_Class2,internal,Hull Reinforcement Package,Hull Reinforcement Package,,,,2,D,
128668541,1377,Int_HullReinforcement_Size3_Class1,internal,Hull Reinforcement Package,Hull Reinforcement Package,,,,3,E,
128668542,1378,Int_HullReinforcement_Size3_Class2,internal,Hull Reinforcement Package,Hull Reinforcement Package,,,,3,D,
128668543,1379,Int_HullReinforcement_Size4_Class1,internal,Hull Reinforcement Package,Hull Reinforcement Package,,,,4,E,
128668544,1380,Int_HullReinforcement_Size4_Class2,internal,Hull Reinforcement Package,Hull Reinforcement Package,,,,4,D,
128668545,1381,Int_HullReinforcement_Size5_Class1,internal,Hull Reinforcement Package,Hull Reinforcement Package,,,,5,E,
128668546,1382,Int_HullReinforcement_Size5_Class2,internal,Hull Reinforcement Package,Hull Reinforcement Package,,,,5,D,
128671120,1383,Hpt_Cannon_Gimbal_Large,hardpoint,Cannon,Cannon,Gimballed,,,3,C,
128671218,1384,DiamondBack_Armour_Grade1,standard,Bulkhead,Lightweight Alloy,,,Diamondback Scout,1,I,
128671219,1385,DiamondBack_Armour_Grade2,standard,Bulkhead,Reinforced Alloy,,,Diamondback Scout,1,I,
128671220,1386,DiamondBack_Armour_Grade3,standard,Bulkhead,Military Grade Composite,,,Diamondback Scout,1,I,
128671222,1387,DiamondBack_Armour_Reactive,standard,Bulkhead,Reactive Surface Composite,,,Diamondback Scout,1,I,
128671221,1388,DiamondBack_Armour_Mirrored,standard,Bulkhead,Mirrored Surface Composite,,,Diamondback Scout,1,I,
128671224,1389,Empire_Courier_Armour_Grade1,standard,Bulkhead,Lightweight Alloy,,,Imperial Courier,1,I,
128671225,1390,Empire_Courier_Armour_Grade2,standard,Bulkhead,Reinforced Alloy,,,Imperial Courier,1,I,
128671226,1391,Empire_Courier_Armour_Grade3,standard,Bulkhead,Military Grade Composite,,,Imperial Courier,1,I,
128671227,1392,Empire_Courier_Armour_Mirrored,standard,Bulkhead,Mirrored Surface Composite,,,Imperial Courier,1,I,
128671228,1393,Empire_Courier_Armour_Reactive,standard,Bulkhead,Reactive Surface Composite,,,Imperial Courier,1,I,
128671229,1394,Int_DroneControl_Collection_Size1_Class1,internal,Collector Limpet Controller,Collector Limpet Controller,,,,1,E,
128671230,1395,Int_DroneControl_Collection_Size1_Class2,internal,Collector Limpet Controller,Collector Limpet Controller,,,,1,D,
128671231,1396,Int_DroneControl_Collection_Size1_Class3,internal,Collector Limpet Controller,Collector Limpet Controller,,,,1,C,
128671232,1397,Int_DroneControl_Collection_Size1_Class4,internal,Collector Limpet Controller,Collector Limpet Controller,,,,1,B,
128671233,1398,Int_DroneControl_Collection_Size1_Class5,internal,Collector Limpet Controller,Collector Limpet Controller,,,,1,A,
128671234,1399,Int_DroneControl_Collection_Size3_Class1,internal,Collector Limpet Controller,Collector Limpet Controller,,,,3,E,
128671235,1400,Int_DroneControl_Collection_Size3_Class2,internal,Collector Limpet Controller,Collector Limpet Controller,,,,3,D,
128671236,1401,Int_DroneControl_Collection_Size3_Class3,internal,Collector Limpet Controller,Collector Limpet Controller,,,,3,C,
128671237,1402,Int_DroneControl_Collection_Size3_Class4,internal,Collector Limpet Controller,Collector Limpet Controller,,,,3,B,
128671238,1403,Int_DroneControl_Collection_Size3_Class5,internal,Collector Limpet Controller,Collector Limpet Controller,,,,3,A,
128671239,1404,Int_DroneControl_Collection_Size5_Class1,internal,Collector Limpet Controller,Collector Limpet Controller,,,,5,E,
128671240,1405,Int_DroneControl_Collection_Size5_Class2,internal,Collector Limpet Controller,Collector Limpet Controller,,,,5,D,
128671241,1406,Int_DroneControl_Collection_Size5_Class3,internal,Collector Limpet Controller,Collector Limpet Controller,,,,5,C,
128671242,1407,Int_DroneControl_Collection_Size5_Class4,internal,Collector Limpet Controller,Collector Limpet Controller,,,,5,B,
128671243,1408,Int_DroneControl_Collection_Size5_Class5,internal,Collector Limpet Controller,Collector Limpet Controller,,,,5,A,
128671244,1409,Int_DroneControl_Collection_Size7_Class1,internal,Collector Limpet Controller,Collector Limpet Controller,,,,7,E,
128671245,1410,Int_DroneControl_Collection_Size7_Class2,internal,Collector Limpet Controller,Collector Limpet Controller,,,,7,D,
128671246,1411,Int_DroneControl_Collection_Size7_Class3,internal,Collector Limpet Controller,Collector Limpet Controller,,,,7,C,
128671247,1412,Int_DroneControl_Collection_Size7_Class4,internal,Collector Limpet Controller,Collector Limpet Controller,,,,7,B,
128671248,1413,Int_DroneControl_Collection_Size7_Class5,internal,Collector Limpet Controller,Collector Limpet Controller,,,,7,A,
128671249,1414,Int_DroneControl_FuelTransfer_Size1_Class1,internal,Fuel Transfer Limpet Controller,Fuel Transfer Limpet Controller,,,,1,E,
128671250,1415,Int_DroneControl_FuelTransfer_Size1_Class2,internal,Fuel Transfer Limpet Controller,Fuel Transfer Limpet Controller,,,,1,D,
128671251,1416,Int_DroneControl_FuelTransfer_Size1_Class3,internal,Fuel Transfer Limpet Controller,Fuel Transfer Limpet Controller,,,,1,C,
128671252,1417,Int_DroneControl_FuelTransfer_Size1_Class4,internal,Fuel Transfer Limpet Controller,Fuel Transfer Limpet Controller,,,,1,B,
128671253,1418,Int_DroneControl_FuelTransfer_Size1_Class5,internal,Fuel Transfer Limpet Controller,Fuel Transfer Limpet Controller,,,,1,A,
128671254,1419,Int_DroneControl_FuelTransfer_Size3_Class1,internal,Fuel Transfer Limpet Controller,Fuel Transfer Limpet Controller,,,,3,E,
128671255,1420,Int_DroneControl_FuelTransfer_Size3_Class2,internal,Fuel Transfer Limpet Controller,Fuel Transfer Limpet Controller,,,,3,D,
128671256,1421,Int_DroneControl_FuelTransfer_Size3_Class3,internal,Fuel Transfer Limpet Controller,Fuel Transfer Limpet Controller,,,,3,C,
128671257,1422,Int_DroneControl_FuelTransfer_Size3_Class4,internal,Fuel Transfer Limpet Controller,Fuel Transfer Limpet Controller,,,,3,B,
128671258,1423,Int_DroneControl_FuelTransfer_Size3_Class5,internal,Fuel Transfer Limpet Controller,Fuel Transfer Limpet Controller,,,,3,A,
128671259,1424,Int_DroneControl_FuelTransfer_Size5_Class1,internal,Fuel Transfer Limpet Controller,Fuel Transfer Limpet Controller,,,,5,E,
128671260,1425,Int_DroneControl_FuelTransfer_Size5_Class2,internal,Fuel Transfer Limpet Controller,Fuel Transfer Limpet Controller,,,,5,D,
128671261,1426,Int_DroneControl_FuelTransfer_Size5_Class3,internal,Fuel Transfer Limpet Controller,Fuel Transfer Limpet Controller,,,,5,C,
128671262,1427,Int_DroneControl_FuelTransfer_Size5_Class4,internal,Fuel Transfer Limpet Controller,Fuel Transfer Limpet Controller,,,,5,B,
128671263,1428,Int_DroneControl_FuelTransfer_Size5_Class5,internal,Fuel Transfer Limpet Controller,Fuel Transfer Limpet Controller,,,,5,A,
128671264,1429,Int_DroneControl_FuelTransfer_Size7_Class1,internal,Fuel Transfer Limpet Controller,Fuel Transfer Limpet Controller,,,,7,E,
128671265,1430,Int_DroneControl_FuelTransfer_Size7_Class2,internal,Fuel Transfer Limpet Controller,Fuel Transfer Limpet Controller,,,,7,D,
128671266,1431,Int_DroneControl_FuelTransfer_Size7_Class3,internal,Fuel Transfer Limpet Controller,Fuel Transfer Limpet Controller,,,,7,C,
128671267,1432,Int_DroneControl_FuelTransfer_Size7_Class4,internal,Fuel Transfer Limpet Controller,Fuel Transfer Limpet Controller,,,,7,B,
128671268,1433,Int_DroneControl_FuelTransfer_Size7_Class5,internal,Fuel Transfer Limpet Controller,Fuel Transfer Limpet Controller,,,,7,A,
128671269,1434,Int_DroneControl_Prospector_Size1_Class1,internal,Prospector Limpet Controller,Prospector Limpet Controller,,,,1,E,
128671270,1435,Int_DroneControl_Prospector_Size1_Class2,internal,Prospector Limpet Controller,Prospector Limpet Controller,,,,1,D,
128671271,1436,Int_DroneControl_Prospector_Size1_Class3,internal,Prospector Limpet Controller,Prospector Limpet Controller,,,,1,C,
128671272,1437,Int_DroneControl_Prospector_Size1_Class4,internal,Prospector Limpet Controller,Prospector Limpet Controller,,,,1,B,
128671273,1438,Int_DroneControl_Prospector_Size1_Class5,internal,Prospector Limpet Controller,Prospector Limpet Controller,,,,1,A,
128671274,1439,Int_DroneControl_Prospector_Size3_Class1,internal,Prospector Limpet Controller,Prospector Limpet Controller,,,,3,E,
128671275,1440,Int_DroneControl_Prospector_Size3_Class2,internal,Prospector Limpet Controller,Prospector Limpet Controller,,,,3,D,
128671276,1441,Int_DroneControl_Prospector_Size3_Class3,internal,Prospector Limpet Controller,Prospector Limpet Controller,,,,3,C,
128671277,1442,Int_DroneControl_Prospector_Size3_Class4,internal,Prospector Limpet Controller,Prospector Limpet Controller,,,,3,B,
128671278,1443,Int_DroneControl_Prospector_Size3_Class5,internal,Prospector Limpet Controller,Prospector Limpet Controller,,,,3,A,
128671279,1444,Int_DroneControl_Prospector_Size5_Class1,internal,Prospector Limpet Controller,Prospector Limpet Controller,,,,5,E,
128671280,1445,Int_DroneControl_Prospector_Size5_Class2,internal,Prospector Limpet Controller,Prospector Limpet Controller,,,,5,D,
128671281,1446,Int_DroneControl_Prospector_Size5_Class3,internal,Prospector Limpet Controller,Prospector Limpet Controller,,,,5,C,
128671282,1447,Int_DroneControl_Prospector_Size5_Class4,internal,Prospector Limpet Controller,Prospector Limpet Controller,,,,5,B,
128671283,1448,Int_DroneControl_Prospector_Size5_Class5,internal,Prospector Limpet Controller,Prospector Limpet Controller,,,,5,A,
128671284,1449,Int_DroneControl_Prospector_Size7_Class1,internal,Prospector Limpet Controller,Prospector Limpet Controller,,,,7,E,
128671285,1450,Int_DroneControl_Prospector_Size7_Class2,internal,Prospector Limpet Controller,Prospector Limpet Controller,,,,7,D,
128671286,1451,Int_DroneControl_Prospector_Size7_Class3,internal,Prospector Limpet Controller,Prospector Limpet Controller,,,,7,C,
128671287,1452,Int_DroneControl_Prospector_Size7_Class4,internal,Prospector Limpet Controller,Prospector Limpet Controller,,,,7,B,
128671288,1453,Int_DroneControl_Prospector_Size7_Class5,internal,Prospector Limpet Controller,Prospector Limpet Controller,,,,7,A,
128671321,1454,Hpt_Slugshot_Gimbal_Large,hardpoint,Fragment Cannon,Fragment Cannon,Gimballed,,,3,C,
128671322,1455,Hpt_Slugshot_Turret_Large,hardpoint,Fragment Cannon,Fragment Cannon,Turreted,,,3,C,
128671323,1485,Int_ShieldGenerator_Size1_Class5_Strong,internal,Prismatic Shield Generator,Prismatic Shield Generator,,,,1,A,powerplay
128671324,1486,Int_ShieldGenerator_Size2_Class5_Strong,internal,Prismatic Shield Generator,Prismatic Shield Generator,,,,2,A,powerplay
128671325,1487,Int_ShieldGenerator_Size3_Class5_Strong,internal,Prismatic Shield Generator,Prismatic Shield Generator,,,,3,A,powerplay
128671326,1488,Int_ShieldGenerator_Size4_Class5_Strong,internal,Prismatic Shield Generator,Prismatic Shield Generator,,,,4,A,powerplay
128671327,1489,Int_ShieldGenerator_Size5_Class5_Strong,internal,Prismatic Shield Generator,Prismatic Shield Generator,,,,5,A,powerplay
128671328,1490,Int_ShieldGenerator_Size6_Class5_Strong,internal,Prismatic Shield Generator,Prismatic Shield Generator,,,,6,A,powerplay
128671329,1491,Int_ShieldGenerator_Size7_Class5_Strong,internal,Prismatic Shield Generator,Prismatic Shield Generator,,,,7,A,powerplay
128671330,1492,Int_ShieldGenerator_Size8_Class5_Strong,internal,Prismatic Shield Generator,Prismatic Shield Generator,,,,8,A,powerplay
128671331,1530,Int_ShieldGenerator_Size1_Class3_Fast,internal,Bi-Weave Shield Generator,Bi-Weave Shield Generator,,,,1,C,
128671332,1531,Int_ShieldGenerator_Size2_Class3_Fast,internal,Bi-Weave Shield Generator,Bi-Weave Shield Generator,,,,2,C,
128671333,1532,Int_ShieldGenerator_Size3_Class3_Fast,internal,Bi-Weave Shield Generator,Bi-Weave Shield Generator,,,,3,C,
128671334,1533,Int_ShieldGenerator_Size4_Class3_Fast,internal,Bi-Weave Shield Generator,Bi-Weave Shield Generator,,,,4,C,
128671335,1534,Int_ShieldGenerator_Size5_Class3_Fast,internal,Bi-Weave Shield Generator,Bi-Weave Shield Generator,,,,5,C,
128671336,1535,Int_ShieldGenerator_Size6_Class3_Fast,internal,Bi-Weave Shield Generator,Bi-Weave Shield Generator,,,,6,C,
128671337,1536,Int_ShieldGenerator_Size7_Class3_Fast,internal,Bi-Weave Shield Generator,Bi-Weave Shield Generator,,,,7,C,
128671338,1537,Int_ShieldGenerator_Size8_Class3_Fast,internal,Bi-Weave Shield Generator,Bi-Weave Shield Generator,,,,8,C,
128671339,1482,Hpt_PlasmaAccelerator_Fixed_Large_Advanced,hardpoint,Plasma Accelerator,Advanced Plasma Accelerator,Fixed,,,3,B,powerplay
128671341,1484,Hpt_Railgun_Fixed_Medium_Burst,hardpoint,Rail Gun,Imperial Hammer Rail Gun,Fixed,,,2,B,powerplay
128671343,1478,Hpt_Slugshot_Fixed_Large_Range,hardpoint,Fragment Cannon,Pacifier Frag-Cannon,Fixed,,,3,C,powerplay
128671344,1480,Hpt_DrunkMissileRack_Fixed_Medium,hardpoint,Missile Rack,Pack-Hound Missile Rack,Fixed,Swarm,,2,B,powerplay
128671448,1523,Hpt_MineLauncher_Fixed_Small_Impulse,hardpoint,Mine Launcher,Shock Mine Launcher,Fixed,,,1,I,
128671449,1477,Hpt_PulseLaserBurst_Fixed_Small_Scatter,hardpoint,Burst Laser,Cytoscrambler Burst Laser,Fixed,,,1,F,powerplay
128671832,1456,DiamondBackXL_Armour_Grade1,standard,Bulkhead,Lightweight Alloy,,,Diamondback Explorer,1,I,
128671833,1457,DiamondBackXL_Armour_Grade2,standard,Bulkhead,Reinforced Alloy,,,Diamondback Explorer,1,I,
128671834,1458,DiamondBackXL_Armour_Grade3,standard,Bulkhead,Military Grade Composite,,,Diamondback Explorer,1,I,
128671835,1459,DiamondBackXL_Armour_Mirrored,standard,Bulkhead,Mirrored Surface Composite,,,Diamondback Explorer,1,I,
128671836,1460,DiamondBackXL_Armour_Reactive,standard,Bulkhead,Reactive Surface Composite,,,Diamondback Explorer,1,I,
128672140,1461,Empire_Eagle_Armour_Grade1,standard,Bulkhead,Lightweight Alloy,,,Imperial Eagle,1,I,
128672141,1462,Empire_Eagle_Armour_Grade2,standard,Bulkhead,Reinforced Alloy,,,Imperial Eagle,1,I,
128672142,1463,Empire_Eagle_Armour_Grade3,standard,Bulkhead,Military Grade Composite,,,Imperial Eagle,1,I,
128672143,1464,Empire_Eagle_Armour_Mirrored,standard,Bulkhead,Mirrored Surface Composite,,,Imperial Eagle,1,I,
128672144,1465,Empire_Eagle_Armour_Reactive,standard,Bulkhead,Reactive Surface Composite,,,Imperial Eagle,1,I,
128672147,1466,Federation_Dropship_MkII_Armour_Grade1,standard,Bulkhead,Lightweight Alloy,,,Federal Assault Ship,1,I,
128672148,1467,Federation_Dropship_MkII_Armour_Grade2,standard,Bulkhead,Reinforced Alloy,,,Federal Assault Ship,1,I,
128672149,1468,Federation_Dropship_MkII_Armour_Grade3,standard,Bulkhead,Military Grade Composite,,,Federal Assault Ship,1,I,
128672150,1469,Federation_Dropship_MkII_Armour_Mirrored,standard,Bulkhead,Mirrored Surface Composite,,,Federal Assault Ship,1,I,
128672151,1470,Federation_Dropship_MkII_Armour_Reactive,standard,Bulkhead,Reactive Surface Composite,,,Federal Assault Ship,1,I,
128672154,1471,Federation_Gunship_Armour_Grade1,standard,Bulkhead,Lightweight Alloy,,,Federal Gunship,1,I,
128672155,1472,Federation_Gunship_Armour_Grade2,standard,Bulkhead,Reinforced Alloy,,,Federal Gunship,1,I,
128672156,1473,Federation_Gunship_Armour_Grade3,standard,Bulkhead,Military Grade Composite,,,Federal Gunship,1,I,
128672157,1474,Federation_Gunship_Armour_Mirrored,standard,Bulkhead,Mirrored Surface Composite,,,Federal Gunship,1,I,
128672158,1475,Federation_Gunship_Armour_Reactive,standard,Bulkhead,Reactive Surface Composite,,,Federal Gunship,1,I,
128672257,1508,Viper_MkIV_Armour_Grade1,standard,Bulkhead,Lightweight Alloy,,,Viper MkIV,1,I,
128672258,1509,Viper_MkIV_Armour_Grade2,standard,Bulkhead,Reinforced Alloy,,,Viper MkIV,1,I,
128672259,1510,Viper_MkIV_Armour_Grade3,standard,Bulkhead,Military Grade Composite,,,Viper MkIV,1,I,
128672260,1511,Viper_MkIV_Armour_Mirrored,standard,Bulkhead,Mirrored Surface Composite,,,Viper MkIV,1,I,
128672261,1512,Viper_MkIV_Armour_Reactive,standard,Bulkhead,Reactive Surface Composite,,,Viper MkIV,1,I,
128672264,1518,CobraMkIV_Armour_Grade1,standard,Bulkhead,Lightweight Alloy,,,Cobra MkIV,1,I,
128672265,1519,CobraMkIV_Armour_Grade2,standard,Bulkhead,Reinforced Alloy,,,Cobra MkIV,1,I,
128672266,1520,CobraMkIV_Armour_Grade3,standard,Bulkhead,Military Grade Composite,,,Cobra MkIV,1,I,
128672267,1521,CobraMkIV_Armour_Mirrored,standard,Bulkhead,Mirrored Surface Composite,,,Cobra MkIV,1,I,
128672268,1522,CobraMkIV_Armour_Reactive,standard,Bulkhead,Reactive Surface Composite,,,Cobra MkIV,1,I,
128672271,1513,Independant_Trader_Armour_Grade1,standard,Bulkhead,Lightweight Alloy,,,Keelback,1,I,
128672272,1514,Independant_Trader_Armour_Grade2,standard,Bulkhead,Reinforced Alloy,,,Keelback,1,I,
128672273,1515,Independant_Trader_Armour_Grade3,standard,Bulkhead,Military Grade Composite,,,Keelback,1,I,
128672274,1516,Independant_Trader_Armour_Mirrored,standard,Bulkhead,Mirrored Surface Composite,,,Keelback,1,I,
128672275,1517,Independant_Trader_Armour_Reactive,standard,Bulkhead,Reactive Surface Composite,,,Keelback,1,I,
128672278,1503,Asp_Scout_Armour_Grade1,standard,Bulkhead,Lightweight Alloy,,,Asp Scout,1,I,
128672279,1504,Asp_Scout_Armour_Grade2,standard,Bulkhead,Reinforced Alloy,,,Asp Scout,1,I,
128672280,1505,Asp_Scout_Armour_Grade3,standard,Bulkhead,Military Grade Composite,,,Asp Scout,1,I,
128672281,1506,Asp_Scout_Armour_Mirrored,standard,Bulkhead,Mirrored Surface Composite,,,Asp Scout,1,I,
128672282,1507,Asp_Scout_Armour_Reactive,standard,Bulkhead,Reactive Surface Composite,,,Asp Scout,1,I,
128672288,1528,Int_BuggyBay_Size2_Class1,internal,Planetary Vehicle Hangar,Planetary Vehicle Hangar,,,,2,H,horizons
128672289,1529,Int_BuggyBay_Size2_Class2,internal,Planetary Vehicle Hangar,Planetary Vehicle Hangar,,,,2,G,horizons
128672290,1526,Int_BuggyBay_Size4_Class1,internal,Planetary Vehicle Hangar,Planetary Vehicle Hangar,,,,4,H,horizons
128672291,1527,Int_BuggyBay_Size4_Class2,internal,Planetary Vehicle Hangar,Planetary Vehicle Hangar,,,,4,G,horizons
128672292,1524,Int_BuggyBay_Size6_Class1,internal,Planetary Vehicle Hangar,Planetary Vehicle Hangar,,,,6,H,horizons
128672293,1525,Int_BuggyBay_Size6_Class2,internal,Planetary Vehicle Hangar,Planetary Vehicle Hangar,,,,6,G,horizons
128672317,0,Int_PlanetApproachSuite,standard,Planetary Approach Suite,Planetary Approach Suite,,,,1,I,horizons
128681641,0,Int_CorrosionProofCargoRack_Size1_Class1,internal,Cargo Rack,Corrosion Resistant Cargo Rack,,,,1,E,horizons
128681992,0,Int_CorrosionProofCargoRack_Size1_Class2,internal,Cargo Rack,Corrosion Resistant Cargo Rack,,,,1,F,horizons
128681994,0,Hpt_BeamLaser_Gimbal_Huge,hardpoint,Beam Laser,Beam Laser,Gimballed,,,4,A,
128681995,0,Hpt_PulseLaser_Gimbal_Huge,hardpoint,Pulse Laser,Pulse Laser,Gimballed,,,4,A,
128681996,0,Hpt_MultiCannon_Gimbal_Huge,hardpoint,Multi-Cannon,Multi-Cannon,Gimballed,,,4,A,
128682013,0,Int_Engine_Size3_Class5_Fast,standard,Engine,Enhanced Performance Thrusters,,,,3,A,
128682014,0,Int_Engine_Size2_Class5_Fast,standard,Engine,Enhanced Performance Thrusters,,,,2,A,
128727920,0,Hpt_PulseLaserBurst_Gimbal_Huge,hardpoint,Burst Laser,Burst Laser,Gimballed,,,4,E,
